"","cellLineName","ann"
"NOS1","NOS1","Bone"
"CHLA10","CHLA10","Bone"
"OS052","OS052","Bone"
"SCCH196","SCCH196","Bone"
"CAL72","CAL72","Bone"
"CCLFPEDS0010T","CCLFPEDS0010T","Bone"
"143B","143B","Bone"
"TC205","TC205","Bone"
"NRHGCT2","NRHGCT2","Bone"
"CCLFPEDS0019T","CCLFPEDS0019T","Bone"
"HEMCSS","HEMCSS","Bone"
"SAOS2","SAOS2","Bone"
"SKNEP1","SKNEP1","Bone"
"EW24","EW24","Bone"
"ES7","ES7","Bone"
"EW1","EW1","Bone"
"EW11","EW11","Bone"
"TC106","TC106","Bone"
"ES5","ES5","Bone"
"EW3","EW3","Bone"
"EW18","EW18","Bone"
"EWS834","EWS834","Bone"
"EW16","EW16","Bone"
"ES3","ES3","Bone"
"CAL78","CAL78","Bone"
"NY","NY","Bone"
"CBAGPN","CBAGPN","Bone"
"ES1","ES1","Bone"
"TTC466","TTC466","Bone"
"ES8","ES8","Bone"
"CHLA9","CHLA9","Bone"
"NCCOS1X2C1","NCCOS1X2C1","Bone"
"HUO9","HUO9","Bone"
"NCCDCS1C1","NCCDCS1C1","Bone"
"CADOES1","CADOES1","Bone"
"C242","C242","Bone"
"EW8","EW8","Bone"
"TC71","TC71","Bone"
"SKES1","SKES1","Bone"
"TC32","TC32","Bone"
"MCIXC","MCIXC","Bone"
"COGE352","COGE352","Bone"
"EW7","EW7","Bone"
"EW13","EW13","Bone"
"CHLA218","CHLA218","Bone"
"CHSA0011","CHSA0011","Bone"
"SKPNDW","SKPNDW","Bone"
"CHLA258","CHLA258","Bone"
"ES6","ES6","Bone"
"CS1","CS1","Bone"
"OS457","OS457","Bone"
"A673","A673","Bone"
"EWS502","EWS502","Bone"
"C396","C396","Bone"
"NCCES1C1","NCCES1C1","Bone"
"HS860T","HS860T","Bone"
"SJSA1","SJSA1","Bone"
"CHSA8926","CHSA8926","Bone"
"CHLA99","CHLA99","Bone"
"SW1353","SW1353","Bone"
"ES4","ES4","Bone"
"RDES","RDES","Bone"
"OSA1777","OSA1777","Bone"
"EW22","EW22","Bone"
"CHSA0108","CHSA0108","Bone"
"CHLA32","CHLA32","Bone"
"OS252","OS252","Bone"
"OS526","OS526","Bone"
"U2OS","U2OS","Bone"
"HSOS1","HSOS1","Bone"
"MG63","MG63","Bone"
"MHHES1","MHHES1","Bone"
"UCH2","UCH2","Bone"
"G292CLONEA141B1","G292CLONEA141B1","Bone"
"OS186","OS186","Bone"
"TC138","TC138","Bone"
"CCLFPEDS0007T","CCLFPEDS0007T","Bone"
"OS384","OS384","Bone"
"OS525","OS525","Bone"
"HUO3N1","HUO3N1","Bone"
"C393","C393","Bone"
"SKNMC","SKNMC","Bone"
"EW12","EW12","Bone"
"HOS","HOS","Bone"
"HCC1569","HCC1569","Breast"
"HCC1428","HCC1428","Breast"
"CAL51","CAL51","Breast"
"UACC3199","UACC3199","Breast"
"HCC1395","HCC1395","Breast"
"UACC893","UACC893","Breast"
"SKBR3","SKBR3","Breast"
"AU565","AU565","Breast"
"BT474","BT474","Breast"
"MDAMB175VII","MDAMB175VII","Breast"
"HCC70","HCC70","Breast"
"MDAMB361","MDAMB361","Breast"
"UACC3133","UACC3133","Breast"
"HCC202","HCC202","Breast"
"MDAMB468","MDAMB468","Breast"
"CAMA1","CAMA1","Breast"
"SUM190PT","SUM190PT","Breast"
"HMC18","HMC18","Breast"
"ZR751","ZR751","Breast"
"MDAMB134VI","MDAMB134VI","Breast"
"BT483","BT483","Breast"
"VP267","VP267","Breast"
"UACC812","UACC812","Breast"
"BT549","BT549","Breast"
"HS578T","HS578T","Breast"
"SUM44PE","SUM44PE","Breast"
"MDAMB157","MDAMB157","Breast"
"21NT","21NT","Breast"
"21MT2","21MT2","Breast"
"HDQP1","HDQP1","Breast"
"SUM159PT","SUM159PT","Breast"
"CAL148","CAL148","Breast"
"MDAMB415","MDAMB415","Breast"
"COLO824","COLO824","Breast"
"SUM1315MO2","SUM1315MO2","Breast"
"OCUBM","OCUBM","Breast"
"EVSAT","EVSAT","Breast"
"SUM229PE","SUM229PE","Breast"
"MDAMB330","MDAMB330","Breast"
"HCC2218","HCC2218","Breast"
"SUM185PE","SUM185PE","Breast"
"21MT1","21MT1","Breast"
"YMB1E","YMB1E","Breast"
"MDAMB231","MDAMB231","Breast"
"CAL120","CAL120","Breast"
"HCC1937","HCC1937","Breast"
"MCF7","MCF7","Breast"
"CAL851","CAL851","Breast"
"HCC38","HCC38","Breast"
"MDAMB453","MDAMB453","Breast"
"HCC1954","HCC1954","Breast"
"JIMT1","JIMT1","Breast"
"MDAMB436","MDAMB436","Breast"
"HCC2157","HCC2157","Breast"
"MRKNU1","MRKNU1","Breast"
"KPL1","KPL1","Breast"
"HCC1419","HCC1419","Breast"
"HCC1806","HCC1806","Breast"
"SUM52PE","SUM52PE","Breast"
"ZR7530","ZR7530","Breast"
"MFM223","MFM223","Breast"
"SUM149PT","SUM149PT","Breast"
"HCC1187","HCC1187","Breast"
"T47D","T47D","Breast"
"HCC1599","HCC1599","Breast"
"EFM19","EFM19","Breast"
"SNU2372","SNU2372","Breast"
"BT20","BT20","Breast"
"SUM102PT","SUM102PT","Breast"
"DU4475","DU4475","Breast"
"HCC1143","HCC1143","Breast"
"BCK4","BCK4","Breast"
"VP229","VP229","Breast"
"EFM192A","EFM192A","Breast"
"HCC1500","HCC1500","Breast"
"HOKUG","HOKUG","Cervix"
"SISO","SISO","Cervix"
"HELA","HELA","Cervix"
"CASKI","CASKI","Cervix"
"TCYIK","TCYIK","Cervix"
"SW756","SW756","Cervix"
"MS751","MS751","Cervix"
"SIHA","SIHA","Cervix"
"BOKU","BOKU","Cervix"
"HCSC1","HCSC1","Cervix"
"HCS2","HCS2","Cervix"
"SKGII","SKGII","Cervix"
"DOTC24510","DOTC24510","Cervix"
"OMC1","OMC1","Cervix"
"C33A","C33A","Cervix"
"SF767","SF767","Cervix"
"C4II","C4II","Cervix"
"C4I","C4I","Cervix"
"HCA1","HCA1","Cervix"
"ME180","ME180","Cervix"
"SKGIIIA","SKGIIIA","Cervix"
"HT3","HT3","Cervix"
"SKGI","SKGI","Cervix"
"SNU475","SNU475","Liver"
"JHH1","JHH1","Liver"
"JHH6","JHH6","Liver"
"SNU886","SNU886","Liver"
"SKHEP1","SKHEP1","Liver"
"PLCPRF5","PLCPRF5","Liver"
"SNU182","SNU182","Liver"
"JHH7","JHH7","Liver"
"SNU387","SNU387","Liver"
"JHH5","JHH5","Liver"
"KMCH1","KMCH1","Liver"
"JHH4","JHH4","Liver"
"C3A","C3A","Liver"
"HUH7","HUH7","Liver"
"JHH2","JHH2","Liver"
"SNU423","SNU423","Liver"
"HEPG2","HEPG2","Liver"
"HUH6","HUH6","Liver"
"SNU739","SNU739","Liver"
"HUH1","HUH1","Liver"
"SNU878","SNU878","Liver"
"SNU398","SNU398","Liver"
"LI7","LI7","Liver"
"SNU761","SNU761","Liver"
"SNU449","SNU449","Liver"
"HEP3B217","HEP3B217","Liver"
"HLF","HLF","Liver"
"HLE","HLE","Liver"
"A549","A549","Lung"
"RERFLCMS","RERFLCMS","Lung"
"SW900","SW900","Lung"
"LK2","LK2","Lung"
"NCIH2066","NCIH2066","Lung"
"NCIH1436","NCIH1436","Lung"
"NCIH23","NCIH23","Lung"
"NCIH1435","NCIH1435","Lung"
"NCIH2172","NCIH2172","Lung"
"NCIH82","NCIH82","Lung"
"DMS153","DMS153","Lung"
"HCC827","HCC827","Lung"
"HCC827GR5","HCC827GR5","Lung"
"WAHT","WAHT","Lung"
"CI34601","CI34601","Lung"
"NCIH1184","NCIH1184","Lung"
"LU138","LU138","Lung"
"NCIH838","NCIH838","Lung"
"A549CRAFKD","A549CRAFKD","Lung"
"NCIH510","NCIH510","Lung"
"NCIH2126","NCIH2126","Lung"
"NCIH2171","NCIH2171","Lung"
"NCIH1693","NCIH1693","Lung"
"NCIH647","NCIH647","Lung"
"SW1271","SW1271","Lung"
"NCIH2286","NCIH2286","Lung"
"NCIH1703","NCIH1703","Lung"
"NCIH650","NCIH650","Lung"
"NCIH2110","NCIH2110","Lung"
"DMS79","DMS79","Lung"
"NCIH1092","NCIH1092","Lung"
"NCIH1048","NCIH1048","Lung"
"NCIH196","NCIH196","Lung"
"NCIH157DM","NCIH157DM","Lung"
"HCC515","HCC515","Lung"
"NCIH322","NCIH322","Lung"
"NCIH2227","NCIH2227","Lung"
"NCIH2030","NCIH2030","Lung"
"ETCC016","ETCC016","Lung"
"HCC2450","HCC2450","Lung"
"NCIH2122","NCIH2122","Lung"
"LCAM1","LCAM1","Lung"
"DMS454","DMS454","Lung"
"SBC5","SBC5","Lung"
"NCIH1770","NCIH1770","Lung"
"NCIH460","NCIH460","Lung"
"NCIH661","NCIH661","Lung"
"NCIH2679","NCIH2679","Lung"
"NCIH1607","NCIH1607","Lung"
"NCIH2228","NCIH2228","Lung"
"LU65","LU65","Lung"
"NCIH1930","NCIH1930","Lung"
"HCC1833","HCC1833","Lung"
"CORL23","CORL23","Lung"
"CORL88","CORL88","Lung"
"HCC366","HCC366","Lung"
"NCIH1650","NCIH1650","Lung"
"NCIH1688","NCIH1688","Lung"
"HCC1359","HCC1359","Lung"
"NCIH211","NCIH211","Lung"
"NCIH1568","NCIH1568","Lung"
"EKVX","EKVX","Lung"
"NCIH520","NCIH520","Lung"
"NCIH2029","NCIH2029","Lung"
"HCC2935","HCC2935","Lung"
"DMS53","DMS53","Lung"
"NCIH2087","NCIH2087","Lung"
"LU143","LU143","Lung"
"SKMES1","SKMES1","Lung"
"RERFLCAI","RERFLCAI","Lung"
"NCIH1355","NCIH1355","Lung"
"NCIH920","NCIH920","Lung"
"PC14","PC14","Lung"
"HCC15","HCC15","Lung"
"NCIH1694","NCIH1694","Lung"
"NCIH1793","NCIH1793","Lung"
"NCIH774","NCIH774","Lung"
"NCIH446","NCIH446","Lung"
"NCIH748","NCIH748","Lung"
"SCLC21H","SCLC21H","Lung"
"ABC1","ABC1","Lung"
"SHP77","SHP77","Lung"
"NCIH1105","NCIH1105","Lung"
"HARA","HARA","Lung"
"NCIH889","NCIH889","Lung"
"CORL32","CORL32","Lung"
"NCIH146","NCIH146","Lung"
"NCIH1836","NCIH1836","Lung"
"NCIH2081","NCIH2081","Lung"
"NCIH1299","NCIH1299","Lung"
"NCIH1993","NCIH1993","Lung"
"NCIH345","NCIH345","Lung"
"CALU3","CALU3","Lung"
"NCIH1155","NCIH1155","Lung"
"NCIH835","NCIH835","Lung"
"RERFLCFM","RERFLCFM","Lung"
"CORL95","CORL95","Lung"
"NCIH810","NCIH810","Lung"
"NCIH1915","NCIH1915","Lung"
"NCIH378","NCIH378","Lung"
"NCIH1581","NCIH1581","Lung"
"HOP92","HOP92","Lung"
"NCIH1573","NCIH1573","Lung"
"LC2AD","LC2AD","Lung"
"NCIH441","NCIH441","Lung"
"NCIH2347","NCIH2347","Lung"
"NCIH2085","NCIH2085","Lung"
"CAL12T","CAL12T","Lung"
"NCIH1623","NCIH1623","Lung"
"RERFLCKJ","RERFLCKJ","Lung"
"NCIH358","NCIH358","Lung"
"NCIH2073","NCIH2073","Lung"
"NCIH727","NCIH727","Lung"
"NCIH187","NCIH187","Lung"
"NCIH128","NCIH128","Lung"
"HCC1195","HCC1195","Lung"
"T3M10","T3M10","Lung"
"RERFLCSQ1","RERFLCSQ1","Lung"
"IALM","IALM","Lung"
"HCC78","HCC78","Lung"
"201T","201T","Lung"
"DV90","DV90","Lung"
"NCIH250","NCIH250","Lung"
"SBC3","SBC3","Lung"
"NCIH3255","NCIH3255","Lung"
"NCIH2342","NCIH2342","Lung"
"NCIH2141","NCIH2141","Lung"
"EBC1","EBC1","Lung"
"EMCBAC1","EMCBAC1","Lung"
"ISTSL1","ISTSL1","Lung"
"NCIH1838","NCIH1838","Lung"
"CORL321","CORL321","Lung"
"NCIH1395","NCIH1395","Lung"
"NCIH1648","NCIH1648","Lung"
"LU135","LU135","Lung"
"A427","A427","Lung"
"ISTSL2","ISTSL2","Lung"
"CORL105","CORL105","Lung"
"CPCN","CPCN","Lung"
"NCIH740","NCIH740","Lung"
"NCIH1563","NCIH1563","Lung"
"NCIH2405","NCIH2405","Lung"
"SBC1","SBC1","Lung"
"NCIH1651","NCIH1651","Lung"
"NCIH64","NCIH64","Lung"
"GT3TKB","GT3TKB","Lung"
"SKLU1","SKLU1","Lung"
"JHU028","JHU028","Lung"
"SCLC22H","SCLC22H","Lung"
"HOP62","HOP62","Lung"
"NCIH1734","NCIH1734","Lung"
"CORL47","CORL47","Lung"
"CALU1","CALU1","Lung"
"HCC2108","HCC2108","Lung"
"HCC33","HCC33","Lung"
"LU134A","LU134A","Lung"
"SNU2535","SNU2535","Lung"
"LU165","LU165","Lung"
"NCIH1882","NCIH1882","Lung"
"NCIH1876","NCIH1876","Lung"
"RERFLCAD1","RERFLCAD1","Lung"
"LU139","LU139","Lung"
"NCIH2023","NCIH2023","Lung"
"NCIH1450","NCIH1450","Lung"
"NCIH1869","NCIH1869","Lung"
"NCIH209","NCIH209","Lung"
"CORL26","CORL26","Lung"
"NCIH522","NCIH522","Lung"
"LCLC103H","LCLC103H","Lung"
"CHAGOK1","CHAGOK1","Lung"
"NCIH1666","NCIH1666","Lung"
"T3M11","T3M11","Lung"
"NCIH2196","NCIH2196","Lung"
"NCIH596","NCIH596","Lung"
"NCIH69","NCIH69","Lung"
"COLO668","COLO668","Lung"
"NCIH1373","NCIH1373","Lung"
"NCIH841","NCIH841","Lung"
"KNS62","KNS62","Lung"
"SNU2292","SNU2292","Lung"
"CALU6","CALU6","Lung"
"NCIH2887","NCIH2887","Lung"
"LC1F","LC1F","Lung"
"HCC44","HCC44","Lung"
"NCIH1792","NCIH1792","Lung"
"NCIH524","NCIH524","Lung"
"LXF289","LXF289","Lung"
"CORL303","CORL303","Lung"
"UMC11","UMC11","Lung"
"NCIH2135","NCIH2135","Lung"
"NCIH2882","NCIH2882","Lung"
"VMRCLCD","VMRCLCD","Lung"
"HCC461","HCC461","Lung"
"PC9","PC9","Lung"
"NCIH2444","NCIH2444","Lung"
"EPLC272H","EPLC272H","Lung"
"LC1SQ","LC1SQ","Lung"
"MORCPR","MORCPR","Lung"
"LUDLU1","LUDLU1","Lung"
"NCIH1944","NCIH1944","Lung"
"LC1SQSF","LC1SQSF","Lung"
"NCIH720","NCIH720","Lung"
"EMCBAC2","EMCBAC2","Lung"
"HCC1438","HCC1438","Lung"
"NCIH1963","NCIH1963","Lung"
"NCIH1437","NCIH1437","Lung"
"LCLC97TM1","LCLC97TM1","Lung"
"NCIH526","NCIH526","Lung"
"DMS273","DMS273","Lung"
"HCC95","HCC95","Lung"
"BEN","BEN","Lung"
"LOUNH91","LOUNH91","Lung"
"RERFLCAD2","RERFLCAD2","Lung"
"MS1","MS1","Lung"
"NCIH2009","NCIH2009","Lung"
"SW1573","SW1573","Lung"
"NCIH1417","NCIH1417","Lung"
"SNU1327","SNU1327","Lung"
"NCIH2291","NCIH2291","Lung"
"CORL279","CORL279","Lung"
"DMS114","DMS114","Lung"
"SQ1","SQ1","Lung"
"LB647SCLC","LB647SCLC","Lung"
"HCC4006","HCC4006","Lung"
"NCIH1781","NCIH1781","Lung"
"NCIH847","NCIH847","Lung"
"CORL311","CORL311","Lung"
"NCIH1304","NCIH1304","Lung"
"CORL24","CORL24","Lung"
"NCIH3122","NCIH3122","Lung"
"NCIH1975","NCIH1975","Lung"
"NCIH1341","NCIH1341","Lung"
"LU99","LU99","Lung"
"HCC2429","HCC2429","Lung"
"NCIH292","NCIH292","Lung"
"NCIH1618","NCIH1618","Lung"
"NCIH2170","NCIH2170","Lung"
"SW156","SW156","Kidney"
"KMRC20","KMRC20","Kidney"
"CAL54","CAL54","Kidney"
"SLR23","SLR23","Kidney"
"BFTC909","BFTC909","Kidney"
"SNU349","SNU349","Kidney"
"786O","786O","Kidney"
"A704","A704","Kidney"
"G401","G401","Kidney"
"SNU482","SNU482","Kidney"
"769P","769P","Kidney"
"A204","A204","Kidney"
"CCLFPEDS0022T","CCLFPEDS0022T","Kidney"
"NCC010","NCC010","Kidney"
"RCCER","RCCER","Kidney"
"LB996RCC","LB996RCC","Kidney"
"RCC10RGB","RCC10RGB","Kidney"
"SN12C","SN12C","Kidney"
"KMRC1","KMRC1","Kidney"
"RCCMF","RCCMF","Kidney"
"RCCAB","RCCAB","Kidney"
"BB65RCC","BB65RCC","Kidney"
"RCCFG2","RCCFG2","Kidney"
"RXF393","RXF393","Kidney"
"UMRC7","UMRC7","Kidney"
"HA7RCC","HA7RCC","Kidney"
"SKRC52","SKRC52","Kidney"
"LB2241RCC","LB2241RCC","Kidney"
"RCCJW","RCCJW","Kidney"
"CCLFPEDS0002T","CCLFPEDS0002T","Kidney"
"NCC021","NCC021","Kidney"
"A498","A498","Kidney"
"KMRC3","KMRC3","Kidney"
"CAKI2","CAKI2","Kidney"
"KMRC2","KMRC2","Kidney"
"SNU267","SNU267","Kidney"
"VMRCRCW","VMRCRCW","Kidney"
"RCCJF","RCCJF","Kidney"
"TUHR4TKB","TUHR4TKB","Kidney"
"SNU1272","SNU1272","Kidney"
"SKRC31","SKRC31","Kidney"
"UMRC3","UMRC3","Kidney"
"TK10","TK10","Kidney"
"TUHR10TKB","TUHR10TKB","Kidney"
"NCIH2004RT","NCIH2004RT","Kidney"
"G402","G402","Kidney"
"OSRC2","OSRC2","Kidney"
"CCLFPEDS0026T","CCLFPEDS0026T","Kidney"
"CCLFPEDS0048T","CCLFPEDS0048T","Kidney"
"UO31","UO31","Kidney"
"ACHN","ACHN","Kidney"
"STM9101","STM9101","Kidney"
"UOK101","UOK101","Kidney"
"VMRCRCZ","VMRCRCZ","Kidney"
"LB1047RCC","LB1047RCC","Kidney"
"CAKI1","CAKI1","Kidney"
"TUHR14TKB","TUHR14TKB","Kidney"
"SLR24","SLR24","Kidney"
"HA1E","HA1E","Kidney"
"TTC1240","TTC1240","Kidney"
"CCLFPEDS0001T","CCLFPEDS0001T","Kidney"
"JMURTK2","JMURTK2","Kidney"
"CCLFPEDS0020T","CCLFPEDS0020T","Kidney"
"ONS76","ONS76","Brain"
"HKBMM","HKBMM","Brain"
"LN18","LN18","Brain"
"NP5","NP5","Brain"
"A1207","A1207","Brain"
"BT16","BT16","Brain"
"SNB75","SNB75","Brain"
"ONDA8","ONDA8","Brain"
"KNS81","KNS81","Brain"
"LN443","LN443","Brain"
"KALS1","KALS1","Brain"
"KNS60","KNS60","Brain"
"LN428","LN428","Brain"
"170MGBA","170MGBA","Brain"
"LN340","LN340","Brain"
"538MGBA","538MGBA","Brain"
"TB096","TB096","Brain"
"KG1C","KG1C","Brain"
"GB1","GB1","Brain"
"GI1","GI1","Brain"
"ONDA9","ONDA9","Brain"
"TASK1","TASK1","Brain"
"F5","F5","Brain"
"YKG1","YKG1","Brain"
"LNZTA3WT4","LNZTA3WT4","Brain"
"D245MG","D245MG","Brain"
"TM31","TM31","Brain"
"MOGGUVW","MOGGUVW","Brain"
"MOGGCCM","MOGGCCM","Brain"
"KNS81FD","KNS81FD","Brain"
"U178","U178","Brain"
"AM38","AM38","Brain"
"NMCG1","NMCG1","Brain"
"D423MG","D423MG","Brain"
"BECKER","BECKER","Brain"
"D392MG","D392MG","Brain"
"GMS10","GMS10","Brain"
"U251MGDM","U251MGDM","Brain"
"A172","A172","Brain"
"LN405","LN405","Brain"
"D458","D458","Brain"
"CHLA06ATRT","CHLA06ATRT","Brain"
"UW228","UW228","Brain"
"8MGBA","8MGBA","Brain"
"LN319","LN319","Brain"
"SW1783","SW1783","Brain"
"SF539","SF539","Brain"
"ONDA7","ONDA7","Brain"
"SF172","SF172","Brain"
"NP2","NP2","Brain"
"SUMB002","SUMB002","Brain"
"U343","U343","Brain"
"DKMG","DKMG","Brain"
"LNZ308","LNZ308","Brain"
"GAMG","GAMG","Brain"
"SNU626","SNU626","Brain"
"U87MG","U87MG","Brain"
"SNU201","SNU201","Brain"
"SF295","SF295","Brain"
"CCFSTTG1","CCFSTTG1","Brain"
"CCLFNEURO0006T","CCLFNEURO0006T","Brain"
"LN215","LN215","Brain"
"HSJDDIPG007","HSJDDIPG007","Brain"
"HS683","HS683","Brain"
"YH13","YH13","Brain"
"DBTRG05MG","DBTRG05MG","Brain"
"BT12","BT12","Brain"
"SNU738","SNU738","Brain"
"U118MG","U118MG","Brain"
"SF126","SF126","Brain"
"CCLFNEURO0005T","CCLFNEURO0005T","Brain"
"CHLA266","CHLA266","Brain"
"D566MG","D566MG","Brain"
"LN464","LN464","Brain"
"NP8","NP8","Brain"
"NP3","NP3","Brain"
"DAOY","DAOY","Brain"
"GBM001","GBM001","Brain"
"ANGMCSS","ANGMCSS","Brain"
"SKMG1","SKMG1","Brain"
"GOS3","GOS3","Brain"
"D247MG","D247MG","Brain"
"COGAR359","COGAR359","Brain"
"LN235","LN235","Brain"
"PFSK1","PFSK1","Brain"
"LN382","LN382","Brain"
"M059K","M059K","Brain"
"LN229","LN229","Brain"
"SNU1105","SNU1105","Brain"
"D502MG","D502MG","Brain"
"KS1","KS1","Brain"
"M059J","M059J","Brain"
"KNS42","KNS42","Brain"
"D542MG","D542MG","Brain"
"D263MG","D263MG","Brain"
"SF268","SF268","Brain"
"42MGBA","42MGBA","Brain"
"T98G","T98G","Brain"
"SW1088","SW1088","Brain"
"D425","D425","Brain"
"H4","H4","Brain"
"NO10","NO10","Brain"
"CHLA57","CHLA57","Brain"
"D341Med","D341Med","Brain"
"D336MG","D336MG","Brain"
"KINGS1","KINGS1","Brain"
"CAS1","CAS1","Brain"
"U251MG","U251MG","Brain"
"D283MED","D283MED","Brain"
"NO11","NO11","Brain"
"SNU489","SNU489","Brain"
"SNU466","SNU466","Brain"
"CH157MN","CH157MN","Brain"
"MAMEL46","MAMEL46","Skin"
"IGR1","IGR1","Skin"
"NZM6","NZM6","Skin"
"IPC298","IPC298","Skin"
"WM2664","WM2664","Skin"
"MM603","MM603","Skin"
"UACC62SKINCJ1","UACC62SKINCJ1","Skin"
"MMAC","MMAC","Skin"
"MM100511","MM100511","Skin"
"COLO792","COLO792","Skin"
"NZM40","NZM40","Skin"
"WM3211","WM3211","Skin"
"MM537","MM537","Skin"
"NZM4","NZM4","Skin"
"HS936T","HS936T","Skin"
"NZM5","NZM5","Skin"
"MELHO","MELHO","Skin"
"M040416","M040416","Skin"
"SKMEL19","SKMEL19","Skin"
"UACC257","UACC257","Skin"
"MALME3M","MALME3M","Skin"
"MM473","MM473","Skin"
"A375SKINCJ1","A375SKINCJ1","Skin"
"HS944T","HS944T","Skin"
"WM115","WM115","Skin"
"NZM3","NZM3","Skin"
"SKMEL2","SKMEL2","Skin"
"NZM42","NZM42","Skin"
"BROLI","BROLI","Skin"
"C32","C32","Skin"
"SKMEL24","SKMEL24","Skin"
"COLO741","COLO741","Skin"
"COLO829","COLO829","Skin"
"HT144","HT144","Skin"
"NZM2","NZM2","Skin"
"NZM1","NZM1","Skin"
"MM370","MM370","Skin"
"MCC13","MCC13","Skin"
"CP66MEL","CP66MEL","Skin"
"CCLFMELM0005T","CCLFMELM0005T","Skin"
"MM386","MM386","Skin"
"M14","M14","Skin"
"MCC26","MCC26","Skin"
"MET2B","MET2B","Skin"
"CCLFMELM0011T","CCLFMELM0011T","Skin"
"UACC62","UACC62","Skin"
"MMACSF","MMACSF","Skin"
"LB2518MEL","LB2518MEL","Skin"
"SKMEL28","SKMEL28","Skin"
"WM983B","WM983B","Skin"
"K029AX","K029AX","Skin"
"MZ7MEL","MZ7MEL","Skin"
"MEWO","MEWO","Skin"
"HS852T","HS852T","Skin"
"MCC142","MCC142","Skin"
"SKMEL1","SKMEL1","Skin"
"MM253","MM253","Skin"
"DJM1","DJM1","Skin"
"MDAMB435S","MDAMB435S","Skin"
"GMEL","GMEL","Skin"
"HS695T","HS695T","Skin"
"WM278","WM278","Skin"
"HKA1","HKA1","Skin"
"HSC1","HSC1","Skin"
"CHL1","CHL1","Skin"
"CJM","CJM","Skin"
"SEKI","SEKI","Skin"
"MM127","MM127","Skin"
"WM35","WM35","Skin"
"A431","A431","Skin"
"MM426","MM426","Skin"
"CCLFMELM0010T","CCLFMELM0010T","Skin"
"CCLFMELM0002T","CCLFMELM0002T","Skin"
"LB373MELD","LB373MELD","Skin"
"SKMEL31","SKMEL31","Skin"
"CCLFMELM0001T","CCLFMELM0001T","Skin"
"K2","K2","Skin"
"CP67MEL","CP67MEL","Skin"
"M00921","M00921","Skin"
"HSC5","HSC5","Skin"
"COLO783","COLO783","Skin"
"MM383","MM383","Skin"
"WM4235","WM4235","Skin"
"WM1552C","WM1552C","Skin"
"SKMEL3","SKMEL3","Skin"
"A2058","A2058","Skin"
"HT144SKINFV1","HT144SKINFV1","Skin"
"HT144SKINFV2","HT144SKINFV2","Skin"
"HT144SKINFV3","HT144SKINFV3","Skin"
"NZM11","NZM11","Skin"
"RVH421","RVH421","Skin"
"COLO800","COLO800","Skin"
"G361","G361","Skin"
"NZM12","NZM12","Skin"
"NZM7","NZM7","Skin"
"MM576","MM576","Skin"
"LOXIMVI","LOXIMVI","Skin"
"VMM917","VMM917","Skin"
"COLO679","COLO679","Skin"
"MM485","MM485","Skin"
"MELJUSO","MELJUSO","Skin"
"HS939T","HS939T","Skin"
"RVH421SKINFV1","RVH421SKINFV1","Skin"
"COLO794","COLO794","Skin"
"CCLFMELM0004T","CCLFMELM0004T","Skin"
"HMY1","HMY1","Skin"
"MM415","MM415","Skin"
"M1203273","M1203273","Skin"
"MM466","MM466","Skin"
"SH4","SH4","Skin"
"WM1799","WM1799","Skin"
"MZ2MEL","MZ2MEL","Skin"
"A388","A388","Skin"
"WM88","WM88","Skin"
"451LU","451LU","Skin"
"WM793","WM793","Skin"
"RPMI7951","RPMI7951","Skin"
"A375SKINCJ3","A375SKINCJ3","Skin"
"IGR39","IGR39","Skin"
"NCCDFSP2C1","NCCDFSP2C1","Skin"
"IGR37","IGR37","Skin"
"CP50MELB","CP50MELB","Skin"
"CCLFMELM0003T","CCLFMELM0003T","Skin"
"SKMEL30","SKMEL30","Skin"
"A375SKINCJ2","A375SKINCJ2","Skin"
"A375","A375","Skin"
"YUSEEPM163517","YUSEEPM163517","Skin"
"NZM30","NZM30","Skin"
"NZM43","NZM43","Skin"
"CHL1DM","CHL1DM","Skin"
"SKMEL5","SKMEL5","Skin"
"HS294T","HS294T","Skin"
"A101D","A101D","Skin"
"YUHOIN","YUHOIN","Skin"
"ISTMEL1","ISTMEL1","Skin"
"M140325","M140325","Skin"
"MAMEL27","MAMEL27","Skin"
"CCLFMELM0006T","CCLFMELM0006T","Skin"
"MM160113","MM160113","Skin"
"VMRCMELG","VMRCMELG","Skin"
"KYSE180","KYSE180","Stomach"
"NUGC3","NUGC3","Stomach"
"TE1","TE1","Stomach"
"MKN1","MKN1","Stomach"
"MKN7","MKN7","Stomach"
"TE5","TE5","Stomach"
"2313287","2313287","Stomach"
"IM95","IM95","Stomach"
"KYSE450","KYSE450","Stomach"
"KYSE410","KYSE410","Stomach"
"SNU1","SNU1","Stomach"
"GCIY","GCIY","Stomach"
"OCUM1","OCUM1","Stomach"
"KATOIII","KATOIII","Stomach"
"KYSE520","KYSE520","Stomach"
"OE19","OE19","Stomach"
"HGC27","HGC27","Stomach"
"HS746T","HS746T","Stomach"
"NCIN87","NCIN87","Stomach"
"SNU16","SNU16","Stomach"
"NUGC4","NUGC4","Stomach"
"KYSE70","KYSE70","Stomach"
"AGS","AGS","Stomach"
"SNU719","SNU719","Stomach"
"MKN74","MKN74","Stomach"
"TE10","TE10","Stomach"
"TE15","TE15","Stomach"
"TE4","TE4","Stomach"
"KYSE510","KYSE510","Stomach"
"KYSE220","KYSE220","Stomach"
"SNU638","SNU638","Stomach"
"KYSE140","KYSE140","Stomach"
"TGBC11TKB","TGBC11TKB","Stomach"
"OE21","OE21","Stomach"
"KYSE270","KYSE270","Stomach"
"COLO680N","COLO680N","Stomach"
"ESO51","ESO51","Stomach"
"KYSE150","KYSE150","Stomach"
"OACP4C","OACP4C","Stomach"
"KYAE1","KYAE1","Stomach"
"ECGI10","ECGI10","Stomach"
"ECC12","ECC12","Stomach"
"HCE4","HCE4","Stomach"
"SNU5","SNU5","Stomach"
"SNU520","SNU520","Stomach"
"ECC10","ECC10","Stomach"
"CCLFUPGI0078T","CCLFUPGI0078T","Stomach"
"SKGT2","SKGT2","Stomach"
"GSS","GSS","Stomach"
"TMK1","TMK1","Stomach"
"OE33","OE33","Stomach"
"MKN28","MKN28","Stomach"
"TDOTT","TDOTT","Stomach"
"KYSE30","KYSE30","Stomach"
"SNU620","SNU620","Stomach"
"MKN45","MKN45","Stomach"
"TE9","TE9","Stomach"
"SNU1750","SNU1750","Stomach"
"TE8","TE8","Stomach"
"TE6","TE6","Stomach"
"IS076A","IS076A","Stomach"
"IS076P","IS076P","Stomach"
"TE14","TE14","Stomach"
"HSC39","HSC39","Stomach"
"GSU","GSU","Stomach"
"HUG1N","HUG1N","Stomach"
"KYSE50","KYSE50","Stomach"
"ESO26","ESO26","Stomach"
"FLO1","FLO1","Stomach"
"TE12","TE12","Stomach"
"STS0421","STS0421","Stomach"
"NUGC2","NUGC2","Stomach"
"CCLFUPGI0004T","CCLFUPGI0004T","Stomach"
"SNU601","SNU601","Stomach"
"FU97","FU97","Stomach"
"SH10TC","SH10TC","Stomach"
"TE11","TE11","Stomach"
"LMSU","LMSU","Stomach"
"SNU216","SNU216","Stomach"
"RERFGC1B","RERFGC1B","Stomach"
"JHESOAD1","JHESOAD1","Stomach"
"OANC1","OANC1","Stomach"
"SKGT4","SKGT4","Stomach"
"SNU668","SNU668","Stomach"
"KE39","KE39","Stomach"
"CCLFNEURO0046T","CCLFNEURO0046T","Stomach"
"OACM51","OACM51","Stomach"
"CCLFUPGI0003T","CCLFUPGI0003T","Stomach"
"NCCSTCK140","NCCSTCK140","Stomach"
"CCLFUPGI0005T","CCLFUPGI0005T","Stomach"
"BB49EBV","BB49EBV","Normal"
"MZ1B","MZ1B","Normal"
"LB373EBV","LB373EBV","Normal"
"BB65EBV","BB65EBV","Normal"
"CP50EBV","CP50EBV","Normal"
"MZ7B","MZ7B","Normal"
"J82EBV","J82EBV","Normal"
"LB2518EBV","LB2518EBV","Normal"
"HA7EBV","HA7EBV","Normal"
"CP66EBV","CP66EBV","Normal"
"LB1047EBV","LB1047EBV","Normal"
"L542","L542","Normal"
"LB2241EBV","LB2241EBV","Normal"
