Barcode	CellType
GTTCGGGAGGATATAC	CellType1
GCGCCAACATACCATG	CellType1
GCTCCTAAGAGAGCTC	CellType1
TTGGCAATCCAACCAA	CellType1
CCAGCGAGTCTACCTC	CellType1
GGAAAGCTCGACAGCC	CellType1
GGCGACTTCCGCGCAA	CellType1
CTGAAGTCAAAGTGCG	CellType1
GTGGGTCTCAATCACG	CellType1
GCGCAGTGTAGCTCCG	CellType1
GCATGCGTCCGAAGAG	CellType1
TAGCCGGAGAATAGGG	CellType1
CTACGTCCACGGTAGA	CellType1
GCGCAACAGTGACTCT	CellType1
CGCTGGAGTTAAAGTG	CellType1
GGATGTTCAATGGAGC	CellType1
GGCGACTGTATAGGGC	CellType1
CCACGGATCACTTATC	CellType1
TCATTACGTGAGCGAT	CellType1
TGCTGCTGTAGCGATG	CellType1
GACCAATGTCAAACTC	CellType1
CGTGAGCAGTTCGCGC	CellType1
CACACTCTCGGTGTTA	CellType1
GTCAAGTAGAAGGCCT	CellType1
GCTGCTTTCATGTCCC	CellType1
CATCGGGCATTTGCCC	CellType1
ATCCGAACACCTTGTC	CellType1
TCACAAGTCTCGTATT	CellType1
ATTGGACAGCCGTCGT	CellType1
CGATGGCTCGCTTGTC	CellType1
CTACCCATCAGAGCTT	CellType1
TCACGAAAGCCAGAAC	CellType1
TCATTACTCCATGAAC	CellType1
GCTTGAACACTTAACG	CellType1
GAAATGAAGGCTCTTA	CellType1
CTCATTAAGAAGAAGC	CellType1
GCTTGAACACTTAACG	CellType1
TTCGGTCAGGACGAAA	CellType1
TTTATGCCATGGTCAT	CellType1
GGGCACTTCGCGCCAA	CellType1
TGGCTGGCAGGATTGG	CellType1
CGGTTAACAACTTGAC	CellType1
TGGCCAGCACCATGTA	CellType1
ATTGGACAGCCGTCGT	CellType1
CCTAGCTAGGCTAGCA	CellType1
TTAGGACAGTGACTCT	CellType1
ATCATGGGTGCACCAC	CellType1
CCGTTCACAAGCCGCT	CellType1
AACTCTTGTAGAAAGG	CellType1
ATCCGAAGTACTCTCC	CellType1
GTTAAGCCATCCTAGA	CellType1
TCGTACCAGTTTAGGA	CellType1
ACATGGTCAGTAGAGC	CellType1
TGAGGGAGTCTCTTTA	CellType1
GGACAGACATTTGCTT	CellType1
CAACTAGAGCTGTTCA	CellType1
ACTGAGTTCTCCCTGA	CellType1
TTAGTTCTCCGCGCAA	CellType1
CATATTCGTCTCATCC	CellType1
GTACGTAGTACGCTGC	CellType1
CCTATTACAACACCTA	CellType1
TACTTGTGTTAGAACA	CellType1
CGGACTGTCTCGTATT	CellType1
TGCCCTATCTTACCTA	CellType1
TGGTTAGGTCTAGTCA	CellType1
TGAAAGACATTAGCCA	CellType1
CATGACATCCTTTCTC	CellType1
GCTTGAACACTTAACG	CellType1
CATCAGATCCTCAATT	CellType1
AGCGGTCAGCCACGCT	CellType1
TGACTTTCAGATTGCT	CellType1
AACTTTCGTTATCGGT	CellType1
TACTTACCATCTCCCA	CellType1
GACGTGCAGCTGAACG	CellType1
CGACTTCAGGACAGAA	CellType1
ACGCAGCAGCTGTCTA	CellType1
GACCTGGCACAACGCC	CellType1
ATTGGACTCAGGCCCA	CellType1
CCTTCGAGTTCGTGAT	CellType1
CAAGATCAGCAATATG	CellType1
CGGCTAGGTCGGCATC	CellType1
CGTCCATTCAGGTAAA	CellType1
GCCTCTACATCCTAGA	CellType1
GGACGTCGTTACGTCA	CellType1
TGCCCATTCGCCTGAG	CellType1
GCTTGAACACTTAACG	CellType1
CGTCACTCATGTTCCC	CellType1
CGATGGCCAGGGTACA	CellType1
GGACGTCAGCGGCTTC	CellType1
GAGGTGAGTCTCACCT	CellType1
GCTCTGTGTACAGTGG	CellType1
CTCAGAATCTGCAAGT	CellType1
CAGTAACAGTTCGCGC	CellType1
ACGCCGAGTTCGTGAT	CellType1
CATGACAGTTCATGGT	CellType1
TACGGTAGTGAGGGAG	CellType1
GATCGCGGTGCAACGA	CellType1
TCAGGTACATTACGAC	CellType1
GAATGAAGTGCAGGTA	CellType1
CTTACCGTCCAAATGC	CellType1
CCACCTATCAAAGTAG	CellType1
TACTTACGTCTGCGGT	CellType1
CCTTCGATCATTCACT	CellType1
CTGAAGTTCTCTTGAT	CellType1
GGTATTGTCAGGCCCA	CellType1
CTGAAGTTCTCTTGAT	CellType1
CTGCGGACATAAGACA	CellType1
ACTATCTTCGTGGGAA	CellType1
CATTCGCCATCTCCCA	CellType1
TCTCTAACAAGAGTCG	CellType1
CTGAAGTTCTCTTGAT	CellType1
ACTATCTCAAGTCATC	CellType1
CAGCTGGTCCTATGTT	CellType1
GGGATGATCCTTAATC	CellType1
GATCTAGTCGCCCTTA	CellType1
GCGCAGTCATCCGGGT	CellType1
TGGCGCACAGCGTCCA	CellType1
GATCAGTGTTACTGAC	CellType1
GCATGCGCACTAGTAC	CellType1
CGTGTCTGTGGCGAAT	CellType1
GAGTCCGCACACCGAC	CellType1
GTGCGGTTCGCGGATC	CellType1
GGCAATTGTCGAACAG	CellType1
CAGAATCGTCCCTTGT	CellType1
TTTCCTCAGTAATCCC	CellType1
GACGTTATCGACAGCC	CellType1
CGTAGGCCACGTTGGC	CellType1
CGGGTCATCCTCCTAG	CellType1
TTCTCAACACATGACT	CellType1
TTAGGCAAGAGATGAG	CellType1
GGCCGATTCCCTTGTG	CellType1
ACCAGTACATCCGTGG	CellType1
TGTGTTTTCAGGCAAG	CellType1
GAACCTATCTGCAAGT	CellType1
TTAGGCAAGTTTGCGT	CellType1
TGGCTGGCAGGATTGG	CellType1
TTCGGTCAGGACGAAA	CellType1
CCAGCGAGTCCGTTAA	CellType1
CGAGAAGTCCATGAGT	CellType1
GTGAAGGGTCTCACCT	CellType1
AGCGGTCAGTGCCAGA	CellType1
TCTTTCCTCTCTTATG	CellType1
TTGTAGGGTAGCTTGT	CellType1
GTTAAGCCATCCTAGA	CellType1
CATTCGCCATCTCCCA	CellType1
AGATTGCGTGACCAAG	CellType1
CTCACACCACTGAAGG	CellType1
ACTTTCAGTTCAGTAC	CellType1
CCACGGATCACTTATC	CellType1
TCTTTCCTCTCTTATG	CellType1
ATAGACCAGCGTCTAT	CellType1
TGCTGCTAGGCGACAT	CellType1
ATGAGGGCATGTCGAT	CellType1
GTGAAGGGTCTCACCT	CellType1
GTCACAAGTCCATGAT	CellType1
CCTTTCTTCACCCGAG	CellType1
CTTAGGACATCGATGT	CellType1
CAAGATCGTCCAAGTT	CellType1
GTCAAGTCATTCTTAC	CellType1
TTAACTCCACGGTTTA	CellType1
CACCAGGTCCACGACG	CellType1
TGTGGTAGTGAAGGCT	CellType1
GTGAAGGGTCTCACCT	CellType1
GGAAAGCCATTTGCTT	CellType1
AGGCCGTTCCCTTGTG	CellType1
CCTCTGAGTTATCGGT	CellType1
TTAGGCAAGTTTGCGT	CellType1
GACGCGTGTCTCTCTG	CellType1
TGGGAAGTCAGTGCAT	CellType1
AGCATACAGCCGGTAA	CellType1
TGGCGCAAGTCCGGTC	CellType1
TATTACCAGCTTATCG	CellType1
TCATTACCATGAAGTA	CellType1
TCAGGTAAGGCTCTTA	CellType1
TCTTTCCGTTTGACAC	CellType1
TCAGGTAAGGCTCTTA	CellType1
CCTCTGAGTTATCGGT	CellType1
TCAGGATTCACCAGGC	CellType1
CCTTTCTTCACCCGAG	CellType1
TGGTTAGCATTATCTC	CellType1
CCTTACGAGAGCCTAG	CellType1
GCATACATCTGTTGAG	CellType1
CGTGTCTGTGGCGAAT	CellType1
GGATTACAGTCCTCCT	CellType1
CAACCTCTCTCCAACC	CellType1
GACTAACTCCGTTGCT	CellType1
GTTACAGCATGCCTTC	CellType1
AACTTTCGTCTAGTCA	CellType1
GACGTTATCGACAGCC	CellType1
CCATTCGCAAGTCTAC	CellType1
TCTTTCCTCTCTTATG	CellType1
GCATGTAAGATAGGAG	CellType1
TAGTTGGAGAGCTTCT	CellType1
TGATTTCAGAGTGACC	CellType1
TGCTGCTAGGCGACAT	CellType1
GAGCAGATCGACAGCC	CellType1
GACTACACAGTATGCT	CellType1
GCGCCAAGTATGAATG	CellType1
AGTGTCAGTCTCTTAT	CellType1
TGCGGGTCAAACCCAT	CellType1
TACGGGCAGGTGTTAA	CellType1
AGCATACAGCCGGTAA	CellType1
TACTTACTCACGCATA	CellType1
GGATTACAGTCCTCCT	CellType1
TCGCGTTGTTCGAATC	CellType1
GCGCCAAGTATGAATG	CellType1
GACGTTATCGACAGCC	CellType1
AAGCCGCGTGACTCAT	CellType1
TGGCTGGCAGGATTGG	CellType1
CTCATTATCTGTACGA	CellType1
GGACGTCTCTGCCCTA	CellType1
GCGCAGTCATTGGTAC	CellType1
CGAGAAGTCCATGAGT	CellType1
TTAACTCCACGGTTTA	CellType1
TTCTCAAAGAAACCAT	CellType1
GGCAATTAGCCATCGC	CellType1
TCTGAGAGTGGCAAAC	CellType1
GTGGGTCTCAGGTTCA	CellType1
ACGCCGATCCGTAGTA	CellType1
CCATTCGCAAGTCTAC	CellType1
GCAAACTAGAGTGACC	CellType1
AAGCCGCGTGACTCAT	CellType1
CGTAGGCAGGAGCGAG	CellType1
GGAAAGCCATTTGCTT	CellType1
GTGAAGGGTCTCACCT	CellType1
AAGGTTCTCGCCTGAG	CellType1
GTACGTAAGCAGCGTA	CellType1
TGGTTAGCATTATCTC	CellType1
CTCAGAATCTGCAAGT	CellType1
GAAGCAGTCGGAAATA	CellType1
GGACGTCTCTGCCCTA	CellType1
GGGAATGCACATTAGC	CellType1
GTACGTAAGTAAGTAC	CellType1
TCATTACCATGAAGTA	CellType1
TGACTAGCACGGTAAG	CellType1
TGGCGCACAGCGTCCA	CellType1
GGGCATCCATAGACTC	CellType1
GTGAAGGGTCTCACCT	CellType1
GCGCCAAGTATGAATG	CellType1
TGCTGCTAGGCGACAT	CellType1
GGACGTCTCTGCCCTA	CellType1
GCGCAACGTCCGAAGA	CellType1
TTTCCTCAGTAATCCC	CellType1
TTCTCCTGTACAGTTC	CellType1
CAGGTGCCAATCACAC	CellType1
GGATGTTCACATAACC	CellType1
AAGCCGCGTGACTCAT	CellType1
ACTTTCAGTTCAGTAC	CellType1
AGCTCTCCACGTAAGG	CellType1
TTTCCTCAGTAATCCC	CellType1
GTACGTAAGCAGCGTA	CellType1
TGCGGGTCAAACCCAT	CellType1
GTGCTTCCATTATCTC	CellType1
ATAACGCGTACTTAGC	CellType1
CCGGGATGTCCTCTTG	CellType1
GTCGTAAAGTGGGATC	CellType1
GCATACATCTGTTGAG	CellType1
CAGGTGCCAATCACAC	CellType1
TGTTCCGAGTCAAGCG	CellType1
TATGCCCAGCACACAG	CellType1
CTACACCTCAAAGTAG	CellType1
CCTTACGGTGAGTGAC	CellType1
CGATGTAAGATGCGAC	CellType1
CCTATTAGTTATTCTC	CellType1
GACCAATTCGTTACAG	CellType1
GCTGCTTGTGCTAGCC	CellType1
TTAGGCAAGTTTGCGT	CellType1
GTACGTACACACCGAC	CellType1
TAGTTGGAGAGCTTCT	CellType1
CCGTACTAGAAGCCCA	CellType1
GACCTGGTCTTCGGTC	CellType1
GTGAAGGGTCTCACCT	CellType1
GCTGCAGTCGGAGGTA	CellType1
GGAATAATCAGTCAGT	CellType1
CTACACCGTCTCATCC	CellType1
GACTACAGTCTCACCT	CellType1
TACTTACGTGGGTATG	CellType1
CTTAGGACATCGATGT	CellType1
CTGATAGCAAACCTAC	CellType1
TCACAAGTCTCGTATT	CellType1
GCATGCGCACTAGTAC	CellType1
GACGTTATCACTTATC	CellType1
GTGCGGTTCGCGGATC	CellType1
TGACTAGCACGGTAAG	CellType1
TAAGTGCTCGGCCGAT	CellType1
GCTGGGTGTCAAGCGA	CellType1
ATTACTCCAACACGCC	CellType1
CATGACACAATGCCAT	CellType1
GACGCGTCATCGTCGG	CellType1
AGAGCTTGTCAAAGCG	CellType1
CTAGAGTTCGCCCTTA	CellType1
CAGAATCGTCCCTTGT	CellType1
TGCGCAGTCAACTCTT	CellType1
TGCTGCTAGGCGACAT	CellType1
CAGATCATCGTTGCCT	CellType1
CTTACCGGTCCGTTAA	CellType1
CCACGGATCACTTATC	CellType1
GTAACGTTCTGGTGTA	CellType1
GCATGCGAGCTAACTC	CellType1
CCGTACTAGAAACCAT	CellType1
ACTATCTTCGTGGGAA	CellType1
TCAACGATCCCAAGTA	CellType1
TTGCGTCCAATAGCAA	CellType1
GACTACACAGTATGCT	CellType1
GTAGTCATCGACCAGC	CellType1
CTCCTAGCACACAGAG	CellType1
CTCATTATCTGTACGA	CellType1
GACTACACAGTATGCT	CellType1
TACGGGCCATGCCCGA	CellType1
TGCTGCTAGGCGACAT	CellType1
CTCGGAGAGTACGCGA	CellType1
CTTAGGACATCGATGT	CellType1
TACGGGCAGGTGTTAA	CellType1
TAAGTGCCAGACAAGC	CellType1
TCAGGTAAGGCTCTTA	CellType1
CTCACACGTAGTACCT	CellType1
GGGCATCAGCGGCTTC	CellType1
GCAATCACATGCATGT	CellType1
CACATAGAGAAACCTA	CellType1
CAGATCAGTACTTGAC	CellType1
CTAGTGAGTCGAGATG	CellType1
GAGTCCGAGCGATTCT	CellType1
GAACCTAAGTCCTCCT	CellType1
CGAGAAGAGACTGGGT	CellType1
CTCCTAGAGACCACGA	CellType1
CATTCGCTCTGCTTGC	CellType1
CCGTACTGTCATTAGC	CellType1
GGACGTCTCTGCCCTA	CellType1
CAGCTGGTCACATACG	CellType1
TGGCTGGTCTATCCCG	CellType1
TGGACGCAGAAGCCCA	CellType1
CTCAGAATCCTTCAAT	CellType1
CTGTGCTAGACTACAA	CellType1
GGGAATGCAAATCCGT	CellType1
TGGGAAGCATGCAATC	CellType1
GACGTGCAGAAACGCC	CellType1
TCAGCTCTCTCCCTGA	CellType1
GACGTTATCGACAGCC	CellType1
CCTAGCTGTTATGCGT	CellType1
CACATTTGTAAGGGCT	CellType1
CCCTCCTTCTGCCAGG	CellType1
GAAATGATCCAAACTG	CellType1
GGCGACTTCATCACCC	CellType1
CGTCACTCAGGCTCAC	CellType1
CAGATCAGTACTTGAC	CellType1
AACTCTTCATCTCGCT	CellType1
ATCACGAAGAGATGAG	CellType1
TGGCTGGCAAGCCCAC	CellType1
CGATCGGAGCGATCCC	CellType1
CCGTTCAAGGAGTCTG	CellType1
GTTCTCGCAGGAACGT	CellType1
CCCATACGTGGCGAAT	CellType1
GACTACACAGTATGCT	CellType1
CGTGTAACAGGACGTA	CellType1
CCACTACCACATTAGC	CellType1
CGTTCTGCAAAGAATC	CellType1
CGAGAAGTCGCAAGCC	CellType1
CTTTGCGCATACTACG	CellType1
TGACAACGTACCATCA	CellType1
CCCTCCTTCTGCCAGG	CellType1
GGAACTTTCCGAAGAG	CellType1
TAAACCGGTGCAGACA	CellType1
CTAATGGTCCTTAATC	CellType1
CGCTTCAAGAAGGACA	CellType1
TATGCCCAGTGACTCT	CellType1
TTAGGACTCTTCCTTC	CellType1
GCTGCTTGTGCTAGCC	CellType1
TGACTTTTCGAGAGCA	CellType1
CCTCAGTTCGTCCGTT	CellType1
TTTATGCAGCAATCTC	CellType1
CAGCTGGTCACATACG	CellType1
CCTCAGTCAATAACGA	CellType1
CCTAAAGGTGATAAGT	CellType1
GCCAAATAGCCTATGT	CellType1
GACAGAGCATACTCTT	CellType1
TCTGGAACACTCTGTC	CellType1
GGAACTTTCCGAAGAG	CellType1
GACAGAGCATACTCTT	CellType1
GCATACATCTGTTGAG	CellType1
CTAACTTCATAGTAAG	CellType1
TTGACTTGTAGTAGTA	CellType1
TATGCCCAGCCAGAAC	CellType1
GGACGTCTCTGCCCTA	CellType1
GAAACTCAGGCCATAG	CellType1
TGGCTGGCAAGCCCAC	CellType1
CTAAGACGTTCATGGT	CellType1
TTAACTCGTCCAGTAT	CellType1
CCCAATCTCGTGGACC	CellType1
GGCCGATTCTCACATT	CellType1
CTCAGAATCTGCAAGT	CellType1
TGAGAGGGTCTAGTCA	CellType1
GGACGTCTCTGCCCTA	CellType1
GAAATGATCCAAACTG	CellType1
CTTTGCGCATACTACG	CellType1
CCGTTCAAGGAGTCTG	CellType1
TGGCTGGTCTATCCCG	CellType1
CGCCAAGGTTGGGACA	CellType1
GAAGCAGGTAAACACA	CellType1
CCTTTCTAGACGCAAC	CellType1
AAGGTTCTCCTCCTAG	CellType1
AGCAGCCAGCCAGGAT	CellType1
TTTGCGCTCCCTAATT	CellType1
GACTAACTCCGTTGCT	CellType1
CTCTGGTCACAGACTT	CellType1
CAGTCCTTCTAACGGT	CellType1
GCACTCTAGGGCTTCC	CellType1
GGAAAGCTCTCCCTGA	CellType1
TGCTGCTTCGGCCGAT	CellType1
TTTACTGCATTTGCCC	CellType1
GTACTTTCACGAGGTA	CellType1
GTCGGGTGTCCCTACT	CellType1
GGAAAGCCATTTGCTT	CellType1
AAGGTTCTCGCCTGAG	CellType1
CGCGTTTGTGTGGCTC	CellType1
TCAACGAAGATCCGAG	CellType1
CGTCACTCACATGTGT	CellType1
GGACGTCTCTGCCCTA	CellType1
CGAATGTGTTCGTGAT	CellType1
CTAACTTCAGCGTTCG	CellType1
CATTCGCAGCTCAACT	CellType1
TTAGGACCACTGAAGG	CellType1
GCTCTGTAGCCAGAAC	CellType1
GAATAAGCACACCGCA	CellType1
GGAACTTTCCGAAGAG	CellType1
TGGCTGGTCTATCCCG	CellType1
TAAGTGCCAGACAAGC	CellType1
CTAGTGAGTCGAGATG	CellType1
TGACAACGTACCATCA	CellType1
TGAAAGATCATTTGGG	CellType1
TTTGGTTGTCTTGCGG	CellType1
AAAGATGAGGTCATCT	CellType1
CCTTTCTAGACGCAAC	CellType1
CGATTGATCGAATGGG	CellType1
CAACTAGTCCTAGTGA	CellType1
ATCCGAAAGATGCGAC	CellType1
CCTTCGATCAGTTGAC	CellType1
TAGAGCTTCACTGGGC	CellType1
TGCGTGGGTACAGTGG	CellType1
TCACAAGAGTGACTCT	CellType1
CTGATAGCAAACCTAC	CellType1
TACTCATCAAAGAATC	CellType1
CGTTCTGAGAGCTGGT	CellType1
CGATGGCTCGCTTGTC	CellType1
TGCTACCCAGCTGTTA	CellType1
GGACAAGCACCTGGTG	CellType1
TGCTACCCAGCTGTTA	CellType1
CATCGGGTCAACACTG	CellType1
GGACGTCAGAATGTGT	CellType1
TGACAACAGCTCCCAG	CellType1
CCCATACGTGGCGAAT	CellType1
CGTTCTGAGAGCTGGT	CellType1
CAACCAATCAGAGGTG	CellType1
TTCTTAGTCTCGTTTA	CellType1
CACATTTGTACAGTGG	CellType1
TGACTAGAGCATGGCA	CellType1
CTGATAGAGACTCGGA	CellType1
CACTCCACATGAACCT	CellType1
CTTTGCGCAGTACACT	CellType1
GCAGTTACACATAACC	CellType1
ATCATGGGTACGACCC	CellType1
GGACAGAGTTCCACTC	CellType1
CCCTCCTTCTGCCAGG	CellType1
CTTACCGCATGAGCGA	CellType1
CGATTGATCGAATGGG	CellType1
TTCCCAGGTTTGACAC	CellType1
CGATGGCAGGACACCA	CellType1
GGCCGATTCTCACATT	CellType1
TCGAGGCCACAGAGGT	CellType1
CTCGTCAAGTACATGA	CellType1
CTAGAGTAGTTCGCGC	CellType1
CAACTAGTCAGAGACG	CellType1
CTTACCGCATGAGCGA	CellType1
TATGCCCAGCCAGAAC	CellType1
GCAATCACATGCATGT	CellType1
GCTCTGTGTTCCAACA	CellType1
TATGCCCAGTGACTCT	CellType1
CGGCTAGGTCATGCAT	CellType1
CTTTGCGCATACTACG	CellType1
TATGCCCAGTGACTCT	CellType1
GTCACAAGTCCATGAT	CellType1
TGGCCAGTCCCTAACC	CellType1
CACAGTACAGCAGTTT	CellType1
GTCACAACAAGCCTAT	CellType1
GATCGATTCTTTCCTC	CellType1
TGGCTGGTCTATCCCG	CellType1
TCTGGAACAGTGGGAT	CellType1
CAACCAATCAGAGGTG	CellType1
ACACCAATCCCTTGTG	CellType1
CCGTGGAAGAGTGAGA	CellType1
GCTCTGTCACTAGTAC	CellType1
GGACATTCAAGACACG	CellType1
CTAGCCTAGTTAGGTA	CellType1
CGATTGATCGAATGGG	CellType1
CTTACCGCATGAGCGA	CellType1
ACTATCTGTGACTACT	CellType1
GCTCTGTAGCCAGAAC	CellType1
GACGGCTGTATGAATG	CellType1
TGCTACCCAGCTGTTA	CellType1
GGAGCAAAGCCCGAAA	CellType1
TGGCCAGTCCCTAACC	CellType1
CCCTCCTTCTGCCAGG	CellType1
TGCGTGGGTACAGTGG	CellType1
GTCGGGTGTGTCCTCT	CellType1
CTGAAGTTCCAAATGC	CellType1
GTTCGGGGTCGCATCG	CellType1
TAGAGCTTCACTGGGC	CellType1
TACTCATCAAAGAATC	CellType1
GTTTCTAAGGCTACGA	CellType1
TCAGCTCTCTCCCTGA	CellType1
CAGATCATCTACCTGC	CellType1
CTGCGGAGTATGAAAC	CellType1
TCCACACTCCTTTACA	CellType1
CGGCTAGGTCATGCAT	CellType1
TGAAAGATCATTTGGG	CellType1
CTGATAGAGACTCGGA	CellType1
CCTCTGAGTCGCGTGT	CellType1
GACTACACAGTATGCT	CellType1
CTTGGCTTCAATCTCT	CellType1
CTCGTCAAGTACATGA	CellType1
CAGCAGCAGGACAGCT	CellType1
CAGAATCAGTCCATAC	CellType1
GTGAAGGGTTTGGCGC	CellType1
CACATTTGTAAGGGCT	CellType1
GTTTCTAAGGCTACGA	CellType1
GGAACTTTCTCTTATG	CellType1
GGATTACAGTCCTCCT	CellType1
TCGTAGACAGCGTCCA	CellType1
TGCCCTATCCTAGTGA	CellType1
CAGGTGCGTAGCACGA	CellType1
CCGTACTCAAGACGTG	CellType1
GTTACAGCATGCCTTC	CellType1
GATCGATCATTTGCTT	CellType1
GTACTTTCACGAGGTA	CellType1
GTCCTCAGTGGTTTCA	CellType1
TTGCGTCAGAAACCGC	CellType1
GCTGCTTAGCTCCTCT	CellType1
TTTATGCAGAAGGTTT	CellType1
TGGGCGTCAAAGTCAA	CellType1
CCCTCCTTCCCTAACC	CellType1
CGGACACGTGCGCTTG	CellType1
GGAACTTGTGCATCTA	CellType1
TCTGGAACAGTGGGAT	CellType1
GTGGGTCTCAGGTTCA	CellType1
CATCGGGCAGCGATCC	CellType1
GCCAAATAGCCTATGT	CellType1
GATCGATTCACCCTCA	CellType1
AGCATACAGCCGGTAA	CellType1
CGACCTTTCTATGTGG	CellType1
TTGCCGTCACTAAGTC	CellType1
CGTCACTCAGGCTCAC	CellType1
TACTCGCCACACATGT	CellType1
AGCATACTCAAGCCTA	CellType1
TTTATGCAGAAGGTTT	CellType1
CTGAAGTTCTCTTGAT	CellType1
TCCACACTCCTTTACA	CellType1
CCTCTGAGTCGCGTGT	CellType1
TCCACACTCCTTTACA	CellType1
CTGCTGTTCAGTACGT	CellType1
AGTGTCACAGCCTTTC	CellType1
GTTCTCGCACATGGGA	CellType1
GCGACCACAGCTGGCT	CellType1
GCCAAATCATAAAGGT	CellType1
GCCAAATAGCGTTGCC	CellType1
TCTTCGGAGCATGGCA	CellType1
CATCGAACACACCGAC	CellType1
TCAGGTAAGGCTCTTA	CellType1
GTCATTTCAGACACTT	CellType1
TATGCCCAGCCAGAAC	CellType1
TGTGTTTCAATACGCT	CellType1
CACTCCACATGAACCT	CellType1
CATCGAAAGCTGCGAA	CellType1
AGAGCTTGTCAAAGCG	CellType1
GTTCTCGCACATGGGA	CellType1
CTAGTGAGTCCGAAGA	CellType1
AACTCCCAGGACTGGT	CellType1
AACTGGTCAGCGTTCG	CellType1
GTTCTCGCACATGGGA	CellType1
TTCTTAGTCGTAGGAG	CellType1
CATATTCCACATAACC	CellType1
CACAAACCATTGGGCC	CellType1
CTTAGGACATTGGCGC	CellType1
AGTGTCACAGCCTTTC	CellType1
CATATTCCACCTGGTG	CellType1
GTTCTCGCACATGGGA	CellType1
CTGAAGTTCTCTTGAT	CellType1
GAATAAGCACACCGCA	CellType1
AACTGGTCAGCGTTCG	CellType1
AACTCCCAGGACTGGT	CellType1
CATGACACATGCTGGC	CellType1
TCCACACTCCTTTACA	CellType1
TAAGCGTAGCACCGCT	CellType1
TACTCATTCTGGCGTG	CellType1
GTGAAGGGTCTCACCT	CellType1
TACTCATTCTGGCGTG	CellType1
TGCTGCTGTGGTTTCA	CellType1
CTTAGGAAGACCGGAT	CellType1
GACGGCTGTGACGCCT	CellType1
TCAATCTGTCTAGCGC	CellType1
TTGAACGAGCTGTCTA	CellType1
ATAGACCCACGAGAGT	CellType1
TAGACCAAGATAGCAT	CellType1
GCATGATTCTTCATGT	CellType1
CTGATAGCACTACAGT	CellType1
CCCATACCAGCTGTAT	CellType1
TGCACCTAGGCTAGAC	CellType1
TGACTAGCACGGTAAG	CellType1
TCACAAGTCCAGAAGG	CellType1
GAGTCCGCAGATCCAT	CellType1
CTCTAATAGCCACCTG	CellType1
GTAGGCCTCTTTCCTC	CellType1
GATCGATGTTCTCATT	CellType1
CTCGGGACATGCTGGC	CellType1
TGCCCTAAGTGTACTC	CellType1
GTGCGGTCACTTCGAA	CellType1
AAGACCTAGCTGTCTA	CellType1
GTCATTTCAGCCTTGG	CellType1
ATCTGCCCATGAGCGA	CellType1
CACCAGGGTCCGAAGA	CellType1
ATCATCTGTGGCCCTA	CellType1
CGTCTACCATATACGC	CellType1
TCGCGTTCATCCCATC	CellType1
GTCGTAACATAGGATA	CellType1
GCATGTAAGTTGTAGA	CellType1
CAAGTTGGTCTAGTCA	CellType1
TCAGGATAGAGGGATA	CellType1
GCTGCAGCATGCATGT	CellType1
TAGTGGTAGTTGTAGA	CellType1
GCGCAGTAGTTATCGC	CellType1
AGAGCGACAACTGCGC	CellType1
TGCGCAGTCGTTACAG	CellType1
CGGCTAGGTGCGAAAC	CellType1
GGACGTCTCTGCCCTA	CellType1
CGGCTAGGTGCGAAAC	CellType1
GATCAGTTCGCCGTGA	CellType1
CGTCTACCATCGGACC	CellType1
GATCTAGCATAGACTC	CellType1
CGTCTACGTCCGTGAC	CellType1
CTCGGAGAGTTCGCGC	CellType1
CTACGTCTCGGTGTCG	CellType1
TTGGAACAGTTAAGTG	CellType1
CCCAATCTCGTGGACC	CellType1
CTTTGCGGTCGAAAGC	CellType1
CGGTTAATCCAATGGT	CellType1
CCGTACTGTTCGTGAT	CellType1
TGAGGGATCGCGTAGC	CellType1
GGGCACTCACGGCTAC	CellType1
CGGACACGTGACAAAT	CellType1
CTACACCAGCTAGTCT	CellType1
CTCAGAATCCGCAAGC	CellType1
TAGTTGGCACTATCTT	CellType1
AACTTTCGTTCCGTCT	CellType1
GTTCTCGCATTTGCTT	CellType1
GAAGCAGGTTGGACCC	CellType1
ACTGATGTCGCTGATA	CellType1
CGGTTAAGTAGCCTCG	CellType1
TAAACCGAGGTGGGTT	CellType1
GAAATGATCACAATGC	CellType1
GACCAATTCGTTACAG	CellType1
CATCAGAAGAGCTTCT	CellType1
GCATGCGCACATAACC	CellType1
TGCGCAGTCGTTACAG	CellType1
AAGCCGCTCTTAGCCC	CellType1
TTTGTCAGTGCACTTA	CellType1
CAAGATCGTGGTGTAG	CellType1
TAGACCAAGATAGCAT	CellType1
ATTACTCAGAAACCTA	CellType1
CTCGTCAAGTACATGA	CellType1
CGGACGTCACAGCCCA	CellType1
CGCTGGAAGCTAGTGG	CellType1
CGGAGCTAGAACAATC	CellType1
ACGCCGAAGCGTGAGT	CellType1
CAACTAGAGAGCCTAG	CellType1
AACTTTCGTCTAGTCA	CellType1
TGATTTCCATAGACTC	CellType1
GACAGAGTCGTACCGG	CellType1
TCATTTGGTCGACTGC	CellType1
CTCGTCAAGAACTGTA	CellType1
TCAGCAATCTTAACCT	CellType1
CTAGCCTTCTACCTGC	CellType1
TCAGGATGTTTGACAC	CellType1
TACTCGCAGAGTCTGG	CellType1
CAGTAACCACCAGGTC	CellType1
GTTAAGCCATCCTAGA	CellType1
GCGCAACTCCACTCCA	CellType1
TACTTGTGTTCGTCTC	CellType1
CAAGATCAGTTCGCAT	CellType1
AGATCTGAGTTAGCGG	CellType1
CACATTTCACAGGTTT	CellType1
CAGAGAGAGCTCTCGG	CellType1
CCTTCCCTCTGCGTAA	CellType1
CGTGTAATCCTAGAAC	CellType1
CAGCGACGTTGTCGCG	CellType1
TGAAAGAAGTGACTCT	CellType1
CAACCAATCCTAGTGA	CellType1
GACAGAGTCACCAGGC	CellType1
TCTATTGTCCACGAAT	CellType1
CCCAATCTCGTGGACC	CellType1
CTGATCCAGTTAGGTA	CellType1
AAGCCGCTCTTAGCCC	CellType1
GCTGCAGCACAGACTT	CellType1
GGTATTGCAATCCAAC	CellType1
AGATTGCCAGTGAGTG	CellType1
GCGCAACCATGGTAGG	CellType1
GGGTTGCTCTCTGTCG	CellType1
ACTGCTCTCTGCTGTC	CellType1
CAGATCAGTACATGTC	CellType1
CTGATCCAGTTAGGTA	CellType1
ACTTGTTGTTTGTTGG	CellType1
ATCTGCCCACCATGTA	CellType1
CTTAACTAGCACCGTC	CellType1
GGCAATTCAAGGACAC	CellType1
CAAGTTGCAGGAATCG	CellType1
GGTGCGTTCTCAACTT	CellType1
GTATCTTAGACTTTCG	CellType1
CCTAGCTTCCTTGACC	CellType1
CGAGAAGAGACTGGGT	CellType1
CTTAACTGTTCCATGA	CellType1
CGAGCCAGTACAAGTA	CellType1
TCACAAGAGCTAGCCC	CellType1
GGGAATGCAAATCCGT	CellType1
CTGGTCTCATGGTCTA	CellType1
CCTATTACACGGACAA	CellType1
CCTAGCTGTACAAGTA	CellType1
CTGCGGATCCAAGCCG	CellType1
TGGCTGGCACAACGCC	CellType1
CGTTGGGTCTTGGGTA	CellType1
TCCCGATCAGGCGATA	CellType1
ATTACTCAGAAACCTA	CellType1
ATGGGAGCATTAGCCA	CellType1
CACCTTGGTAGAAAGG	CellType1
CTGATCCAGGCTAGAC	CellType1
ATCTGCCTCCGCATCT	CellType1
CAACCTCTCGTTTGCC	CellType1
GTCCTCATCTTCAACT	CellType1
CTAACTTCAGCGTTCG	CellType1
ATTATCCTCGTCCGTT	CellType1
ATCACGAAGACAGGCT	CellType1
CACAAACCATTGGGCC	CellType1
GCTGCAGAGCCAGAAC	CellType1
GTGTGCGAGAGGTTAT	CellType1
GGACAGAAGCCAACAG	CellType1
CTGTGCTGTTGACGTT	CellType1
TCTGAGACATTATCTC	CellType1
CGCTATCTCTCATTCA	CellType1
CTAGCCTTCTACCTGC	CellType1
CCCAATCTCGTGGACC	CellType1
TGAGCCGCAGTCGTGC	CellType1
GTGTTAGTCAATCTCT	CellType1
TTAGGACGTAGAGGAA	CellType1
GTGGGTCAGGTTCCTA	CellType1
CTTTGCGGTCGAAAGC	CellType1
CGGTTAATCCAATGGT	CellType1
CCGTACTGTTCGTGAT	CellType1
TGAGGGATCGCGTAGC	CellType1
GCTTGAATCATCGGAT	CellType1
TCGGGACTCTTTAGTC	CellType1
CCTAAAGTCCTAAGTG	CellType1
ATTGGTGCATACTACG	CellType1
GGAACTTTCAAACCAC	CellType1
GTTACAGTCTCGATGA	CellType1
ACTTACTTCGGTCTAA	CellType1
CGTAGCGGTTCAGTAC	CellType1
TGGCTGGCACTGAAGG	CellType1
CTCAGAAAGTAGGTGC	CellType1
CAACCTCTCACAGTAC	CellType1
GCTCCTATCGGCGCTA	CellType1
TCTGAGATCCTTAATC	CellType1
CTTCTCTCAGACGTAG	CellType1
TTCTCAAAGAAACCAT	CellType1
TGGTTCCGTACTTCTT	CellType1
CAGATCACACGAAACG	CellType1
GTATCTTGTGATGTGG	CellType1
TGATTTCAGAGTGACC	CellType1
GGCGACTTCATGCTCC	CellType1
CTCGGAGCAGAGTGTG	CellType1
GATGAAACATCTCCCA	CellType1
ATCCACCGTAGATTAG	CellType1
TCTGAGATCCTTAATC	CellType1
CTCTAATAGGAGTACC	CellType1
CGTGTAAGTATAAACG	CellType1
GCCTCTACAGTATAAG	CellType1
TAGAGCTGTTAAGATG	CellType1
CAAGATCCATCACAAC	CellType1
AACTGGTAGCGTGAGT	CellType1
CACATTTGTACAGTGG	CellType1
TCTATTGTCCACGAAT	CellType1
CATGACATCTCTAGGA	CellType1
ACCAGTACATCGGTTA	CellType1
TCGCGAGTCTTCAACT	CellType1
CGAGAAGGTCATATCG	CellType1
CTCTAATAGGAGTACC	CellType1
ATCATCTGTTGGGACA	CellType1
TAGAGCTTCATCTGTT	CellType1
GTTTCTACACGAAATA	CellType1
CGAGCCAAGTCCGGTC	CellType1
CACACAAAGTACGATA	CellType1
TTATGCTAGTACGCCC	CellType1
CAAGGCCAGATAGTCA	CellType1
CAAGAAAGTGGCTCCA	CellType1
CGAGCCAAGTCCGGTC	CellType1
TATCTCAGTACAGACG	CellType1
CCTTTCTAGACGCAAC	CellType1
CTAGAGTCATGAAGTA	CellType1
TAAACCGGTACCGTAT	CellType1
GTAGTCAGTCTCCCTA	CellType1
GGTATTGGTACAAGTA	CellType1
AGTGTCAGTCTCCACT	CellType1
GGGTCTGTCGGTGTTA	CellType1
AAAGCAAGTACTTAGC	CellType1
CAGCCGAGTTAAGGGC	CellType1
ATTGGACCACAGATTC	CellType1
CGAGAAGGTCATATCG	CellType1
TCCACACGTGTTCTTT	CellType1
ATTTCTGTCATACGGT	CellType1
GCTGCTTCATGGTTGT	CellType1
CGTTGGGAGACAAAGG	CellType1
TGATTTCAGAGTGACC	CellType1
CCTTCGAAGCAGGTCA	CellType1
GTCACAAAGTACACCT	CellType1
CGTGTAAGTATAAACG	CellType1
TAGAGCTGTTAAGATG	CellType1
ACTGAACTCTTGCAAG	CellType1
TCTATTGTCCACGAAT	CellType1
TCAGATGTCATGTCTT	CellType1
TCATTACAGGATATAC	CellType1
TCTGAGACAAGTCTAC	CellType1
CAGGTGCCAATAACGA	CellType1
GGGACCTGTCTCCATC	CellType1
TACGGTATCCTATGTT	CellType1
TTTACTGTCAACACGT	CellType1
CTCTAATAGGAGTACC	CellType1
CATATTCGTCTCATCC	CellType1
TCGGTAAAGAGTACAT	CellType1
TGGCTGGCACTGAAGG	CellType1
GAGCAGATCCGGCACA	CellType1
CGTGTCTGTTCAGACT	CellType1
ACACCAAGTGGCTCCA	CellType1
GGAACTTAGAAACCAT	CellType1
ACTATCTCAAGTCATC	CellType1
GAGCAGATCCGGCACA	CellType1
GTTACAGTCTCGATGA	CellType1
CCTCAGTAGAAGGACA	CellType1
GCTTGAACACAGATTC	CellType1
AGATTGCAGACGCTTT	CellType1
GTCCTCACATCTCGCT	CellType1
TACCTATAGCGTGAAC	CellType1
TCAATCTGTTACAGAA	CellType1
CCGGTAGGTTATCCGA	CellType1
TTCTACATCTTAGAGC	CellType1
CCTAAAGTCCTAAGTG	CellType1
CTGTTTACAATGTTGC	CellType1
TTGTAGGTCCTTTCGG	CellType1
ACATACGAGCTAGTGG	CellType1
ATTGGTGCATACTACG	CellType1
CTAGAGTAGTTGTCGT	CellType1
TTGTAGGTCCTTTCGG	CellType1
GACTACACAGGAATCG	CellType1
GTCCTCACAATGGAAT	CellType1
ACTGAGTCACCAGTTA	CellType1
CTGTTTACAATGTTGC	CellType1
CTGGTCTCACATAACC	CellType1
ATCTACTAGCGATCCC	CellType1
CTTAGGACAATCTACG	CellType1
GTGTGCGCATCGGAAG	CellType1
CTAAGACGTTTGCATG	CellType1
CGTTGGGGTCGCGAAA	CellType1
AGCTCCTTCCTGCCAT	CellType1
CGTTGGGGTCGCGAAA	CellType1
TCCACACGTAGGACAC	CellType1
GAACGGACATGCCACG	CellType1
GTAACGTCATACTCTT	CellType1
CACCACTCAGCGTAAG	CellType1
GTAACGTCATACTCTT	CellType1
GTCACAAAGCACCGCT	CellType1
GTCACAATCGTTTATC	CellType1
CTCGTACCATTCTCAT	CellType1
GGAACTTAGAAACCAT	CellType1
CTCGTACCATTCTCAT	CellType1
GGAACTTTCAAACCAC	CellType1
ATTACTCCAGTCTTCC	CellType1
CCGTTCAAGAAACGCC	CellType1
GAACGGACATGCCACG	CellType1
TCGAGGCTCCCTTGTG	CellType1
GACTACACAGGAATCG	CellType1
CACCACTCAGCGTAAG	CellType1
CTGAAACAGATAGGAG	CellType1
TATCTCAGTACAGACG	CellType1
CTCGTACCATTCTCAT	CellType1
CCGTTCAAGAAACGCC	CellType1
GAACGGACATCCGTGG	CellType1
TATCTCAGTACAGACG	CellType1
CTTAGGACATTGGCGC	CellType1
CGAATGTAGTGAAGAG	CellType1
CGGACTGCAAGCCCAC	CellType1
GACGTTAAGGCATTGG	CellType1
CGTGTAAGTTTCGCTC	CellType1
GAAACTCCATGAAGTA	CellType1
TACGGTACATATACCG	CellType1
GACAGAGTCTGTTTGT	CellType1
CTGGTCTGTGGCAAAC	CellType1
CGAGCCAGTTGCCTCT	CellType1
CTTGGCTTCTTGCATT	CellType1
CGAGCCAGTTGCCTCT	CellType1
GACGTTAAGGCATTGG	CellType1
CGTGTAAGTTTCGCTC	CellType1
CGGACTGCAAGCCCAC	CellType1
CTGGTCTGTGGCAAAC	CellType1
CGGACTGCAAGCCCAC	CellType1
TCTGGAAAGTACATGA	CellType1
GTGTGCGCAGTCGTGC	CellType1
ATCATCTGTTGGGACA	CellType1
ACTGAGTCACCAGTTA	CellType1
CCTTCGAAGCAGGTCA	CellType1
TGCCCTATCATCGCTC	CellType1
CTCTACGTCGCGTTTC	CellType1
GCATGTATCGATAGAA	CellType1
AACACGTAGCGTAGTG	CellType1
CTGGTCTGTGGCAAAC	CellType1
TGCGTGGTCCACGTGG	CellType1
TACTTACCAGTTAACC	CellType1
CACACAAAGTACGATA	CellType1
GATCGATAGGGATCTG	CellType1
CACTCCACAACTTGAC	CellType1
GAAGCAGCACACCGCA	CellType1
CTCTACGAGGACATTA	CellType1
TTAGTTCTCATGTAGC	CellType1
CAGATCACATGGTTGT	CellType1
ACTTACTAGAGTAAGG	CellType1
CAGATCACATGGTTGT	CellType1
TTATGCTAGTACGCCC	CellType1
TCTGGAACATTGGTAC	CellType1
TCTTTCCGTGCAACTT	CellType1
TGCCCTATCATCGCTC	CellType1
TCAATCTTCTTGCATT	CellType1
CTGGTCTGTGGCAAAC	CellType1
ACTTACTCATCAGTCA	CellType1
TCGCGTTAGAATAGGG	CellType1
GAAGCAGCACACCGCA	CellType1
ACTTTCATCCGCATCT	CellType1
CCTACCATCTCTAAGG	CellType1
CGTGTAAGTAGCTTGT	CellType1
GATCGATAGGGATCTG	CellType1
TAGGCATAGGCCCTTG	CellType1
CGAGCACCATCCGCGA	CellType1
TACCTATCAAGGACTG	CellType1
CTGCGGAGTCCGTTAA	CellType1
TACGGATAGCCAGTTT	CellType1
CTGATAGTCTGGTGTA	CellType1
CACACAAAGTACGATA	CellType1
AAAGCAATCCGTACAA	CellType1
ATTACTCAGTGTCCCG	CellType1
CAGTCCTGTGACCAAG	CellType1
GAAGCAGCACACCGCA	CellType1
ATCATGGTCAACCATG	CellType1
GTTCATTCATACTACG	CellType1
TAAGTGCTCTAACTCT	CellType1
TTTCCTCGTGTTCGAT	CellType1
TCATTACAGGATATAC	CellType1
CCGTGGAAGAGTGAGA	CellType1
CTCGAAACAATAGAGT	CellType1
GGACATTGTCAGAAGC	CellType1
AGTCTTTCAGACAAAT	CellType1
TCAGGATAGAGGGATA	CellType1
TCGTAGATCGATAGAA	CellType1
TCTGGAACATTGGTAC	CellType1
TTGACTTGTTCACCTC	CellType1
CGAGCACGTTAGATGA	CellType1
CAGCAGCGTTCCGGCA	CellType1
CGCCAAGAGGTGCTTT	CellType1
CTCTGGTTCAGAGGTG	CellType1
CTTACCGTCCGCAAGC	CellType1
TATGCCCCAGCTGTTA	CellType1
TCAGGTAGTCTTCTCG	CellType1
CATGACATCTCTAGGA	CellType1
CGCTTCATCGCGCCAA	CellType1
CGTCACTGTCATATGC	CellType1
GGACGTCTCTGCCCTA	CellType1
TAAACCGGTGCAGACA	CellType1
TGCTGCTTCGACGGAA	CellType1
ACGCCGATCACGCATA	CellType1
TAAGTGCTCTAACTCT	CellType1
GACACGCCACATGGGA	CellType1
GAAGCAGCACACCGCA	CellType1
CAGAGAGTCGCGGATC	CellType1
CTGTTTAGTATAATGG	CellType1
AACTTTCGTCCTGCTT	CellType1
CGGCTAGGTGCGAAAC	CellType1
CGTCACTGTCATATGC	CellType1
AGTGAGGTCTCAACTT	CellType1
TGTCCCATCATCTGCC	CellType1
CGAGCACCATCCGCGA	CellType1
AGCATACTCACTTCAT	CellType1
TTTCCTCCATCATCCC	CellType1
GACTACACATCTATGG	CellType1
ACTTACTCATCAGTCA	CellType1
ATGCGATCATGTCGAT	CellType1
TAGACCATCACTGGGC	CellType1
GTTCATTCATACTACG	CellType1
ACTTACTAGAGTAAGG	CellType1
CTCGGAGCAAGCGCTC	CellType1
CTCTAATAGGAGTACC	CellType1
AGATCTGTCCGCGGTA	CellType1
CGGGTCATCCTCCTAG	CellType1
CAGCTAAGTGATAAGT	CellType1
GTATCTTGTGCGGTAA	CellType1
GTCATTTAGAGCTATA	CellType1
GGCAATTCATTATCTC	CellType1
AAAGTAGTCCTACAGA	CellType1
GGACGTCTCCCTAACC	CellType1
CTACGTCGTACGCACC	CellType1
CTCTGGTAGTGTTAGA	CellType1
TATCAGGTCCACTGGG	CellType1
GTTCATTCATACTACG	CellType1
GGAAAGCTCGACAGCC	CellType1
GTACGTACATCGTCGG	CellType1
TCTGAGAGTGCACTTA	CellType1
GTTCATTCATACTACG	CellType1
GTCACAAAGTGAACGC	CellType1
TCTTCGGTCCGATATG	CellType1
TTTCCTCGTAGAGTGC	CellType1
TAGGCATAGGCCCTTG	CellType1
TCAATCTTCAGTGCAT	CellType1
CGAGCACCATCCGCGA	CellType1
CATGACAGTATAGGGC	CellType1
CTACGTCGTACGCACC	CellType1
GCAAACTTCAGATAAG	CellType1
CCAGCGACAAGCCATT	CellType1
CCTAGCTTCGCGATCG	CellType1
ACGGGTCTCAGCTCTC	CellType1
TCACAAGCATCACAAC	CellType1
CTGTTTACAATGTTGC	CellType1
ACGCCGATCATCATTC	CellType1
GCGACCACAGTATCTG	CellType1
CTAGTGATCAACCAAC	CellType1
CAGTCCTGTGACCAAG	CellType1
TGTCCCAGTCTCCACT	CellType1
CACACAAAGTACGATA	CellType1
CGTTCTGTCCTGCAGG	CellType1
ATCTGCCAGTTCGCGC	CellType1
ACTGAACGTCAACATC	CellType1
GGTGCGTGTTTCGCTC	CellType1
GAAGCAGCACACCGCA	CellType1
GCCAAATCACGCTTTC	CellType1
ATCATCTTCAGGTTCA	CellType1
ATCCACCGTAGATTAG	CellType1
GCATGCGTCAAGAAGT	CellType1
CTGTTTACAATGTTGC	CellType1
ACTTTCAGTTCAGTAC	CellType1
TACGGGCGTTTGGGCC	CellType1
CCTAAAGGTACCGGCT	CellType1
CCACGGAGTAAATGAC	CellType1
GACGGCTAGCCATCGC	CellType1
AGCTCTCAGACTGTAA	CellType1
GCTCCTACATGGTCAT	CellType1
TGCTACCAGGCAGGTT	CellType1
CGAATGTGTTAGATGA	CellType1
GACCTGGCATGCCTTC	CellType1
GTCACAAAGTGAACGC	CellType1
TCTCTAACAAGAGTCG	CellType1
TTATGCTTCGGACAAG	CellType1
GATCGATTCTTTCCTC	CellType1
ATCTGCCAGTTCGCGC	CellType1
CGGTTAATCTCAAGTG	CellType1
TCAGGTACAGCGTAAG	CellType1
GTCCTCAAGAGACGAA	CellType1
CATCGGGCAGCGATCC	CellType1
ACGCCGATCATCATTC	CellType1
GCATGCGGTCAACTGT	CellType1
ATTGGTGAGTGCTGCC	CellType1
TATCAGGCAAGGTTCT	CellType1
CGTAGCGTCAAACGGG	CellType1
TTTCCTCGTGTTCGAT	CellType1
CGTAGGCGTATGCTTG	CellType1
ATTACTCAGAAACCTA	CellType1
AAATGCCCACGCATCG	CellType1
CTCGGGATCACGGTTA	CellType1
CGTGAGCAGTGCGATG	CellType1
TCAGGATTCGTTGACA	CellType1
CCTTCCCCATATACCG	CellType1
CTGAAACGTCTACCTC	CellType1
TCTCATAGTCTTCAAG	CellType1
CGGACACAGGCTAGCA	CellType1
CTGTGCTGTTGCGCAC	CellType1
AGCTCTCGTACTCGCG	CellType1
TCCCGATGTTCATGGT	CellType1
ACACCAACAGCTGTGC	CellType1
TGGGAAGCATGCAATC	CellType1
AGATCTGAGTCGATAA	CellType1
TCTTTCCTCCTTTCTC	CellType1
CGTTCTGCATTTGCCC	CellType1
CCCTCCTGTGAGTATA	CellType1
TGGTTAGTCAAGATCC	CellType1
TCAATCTCATCCGCGA	CellType1
CGTGAGCAGTGCGATG	CellType1
TTCTCAAGTCAAAGCG	CellType1
CCTCAGTCAGCGTAAG	CellType1
TCAGGTAGTGATGTGG	CellType1
TTGGAACGTATAATGG	CellType1
CGCTTCATCGCGCCAA	CellType1
CATATTCTCCGTAGGC	CellType1
CACCAGGAGTGGTAGC	CellType1
CGGGTCAAGAATTGTG	CellType1
TCTATTGCAGTTTACG	CellType1
GCTTGAATCATGCTCC	CellType1
CTCCTAGAGGATGCGT	CellType1
CGGACGTGTAGAGCTG	CellType1
TGCGTGGCACTCAGGC	CellType1
GGCAATTCATTATCTC	CellType1
CAGCCGATCTGACCTC	CellType1
CGTGTCTTCCGCGGTA	CellType1
ATCCACCGTAGATTAG	CellType1
CACCAGGAGAAGGACA	CellType1
TGTGGTAGTTACTGAC	CellType1
GGCGTGTTCCACGTGG	CellType1
CCCATACAGGCATTGG	CellType1
TCGAGGCGTACGCTGC	CellType1
GACAGAGTCCTTTCGG	CellType1
GATTCAGTCTTGCCGT	CellType1
ATCACGAGTTAAAGAC	CellType1
GCTCTGTCAAACCCAT	CellType1
TCAGGTACAGCGTAAG	CellType1
TGACTAGAGGTGCAAC	CellType1
CGGTTAAGTCGCATCG	CellType1
CAAGAAAGTCGCGGTT	CellType1
CAAGTTGCATCGGAAG	CellType1
CGCCAAGGTTGGTTTG	CellType1
CGTCACTTCATGTCCC	CellType1
CGGACTGCACCTATCC	CellType1
CTCAGAAGTCTGGAGA	CellType1
GTCATTTCAGCCTTGG	CellType1
CAGTCCTGTGACCAAG	CellType1
GCTGCAGCACAGACTT	CellType1
CGCTGGATCCCGACTT	CellType1
GTCATTTTCTCCCTGA	CellType1
CAAGATCAGCAATATG	CellType1
CCGTTCAAGAACAACT	CellType1
TCATTACGTATGGTTC	CellType1
GAGGTGATCAGAGGTG	CellType1
CCTTCGAGTAGTACCT	CellType1
GTATCTTCAATGTTGC	CellType1
CAAGGCCTCTTCATGT	CellType1
CCGTTCACAGATAATG	CellType1
TGTTCCGCACCCTATC	CellType1
CGGGTCAAGAATTGTG	CellType1
CGAGAAGTCTGGAGCC	CellType1
TATCAGGCAAGGTTCT	CellType1
CTGTTTATCTTGTATC	CellType1
TCTTCGGTCCGATATG	CellType1
GCGCCAAAGATCCCGC	CellType1
ATCTACTAGAAGAAGC	CellType1
GATTCAGTCGGAGCAA	CellType1
GGAAAGCAGACAAGCC	CellType1
TGAAAGACACGGCCAT	CellType1
TACACGAAGACATAAC	CellType1
GTACTTTCACGAGGTA	CellType1
CCGTACTGTTCGTGAT	CellType1
ACTGAACGTCAACATC	CellType1
TACCTTAGTGCACGAA	CellType1
CAACTAGGTGTCGCTG	CellType1
GACGGCTGTGACGCCT	CellType1
TGACTAGAGGGATACC	CellType1
TTCTCAAGTCAAAGCG	CellType1
TTCTTAGTCCGGGTGT	CellType1
TAAGTGCTCTAACCGA	CellType1
CAACTAGGTGTCGCTG	CellType1
TCGTAGACAGCGTCCA	CellType1
ATCATGGGTTGTACAC	CellType1
TTATGCTAGATGAGAG	CellType1
CTCATTAAGTTAAGTG	CellType1
GGTGAAGTCAACGGGA	CellType1
CTCAGAATCTCCGGTT	CellType1
TGACTAGAGGTGCAAC	CellType1
TATCAGGTCCGCGGTA	CellType1
GATGAGGTCTGAGTGT	CellType1
CGCTTCAAGAAGGACA	CellType1
TGACTAGAGGTGCAAC	CellType1
CTCGTACTCGATCCCT	CellType1
GGTGAAGTCAACGGGA	CellType1
GGGTTGCCATTTCACT	CellType1
TACGGGCAGAGGTTGC	CellType1
GGTGTTAAGACAGGCT	CellType1
GACAGAGTCATGCTCC	CellType1
CTTACCGTCTGGTGTA	CellType1
TAAGTGCTCTAACTCT	CellType1
CTGTTTAGTATAATGG	CellType1
GAACGGAAGCCGTCGT	CellType1
CAGCTGGGTCTTGCGG	CellType1
TCATTACGTATGGTTC	CellType1
CAACCAACACCGTTGG	CellType1
ACTTTCAAGTACGTAA	CellType1
GTAGGCCTCCACGTGG	CellType1
CTACCCACACAACGCC	CellType1
TCTTTCCTCCTTTCTC	CellType1
CGGGTCAAGAAACCAT	CellType1
GCACATACAGTGGAGT	CellType1
ACGGGCTCACTGTTAG	CellType1
TCTGAGACAAGTCTAC	CellType1
TCTTCGGTCCGATATG	CellType1
TCGCGAGTCTGGCGTG	CellType1
TAGCCGGAGAATAGGG	CellType1
ACGCCGATCATCATTC	CellType1
GCTCCTAAGAGAGCTC	CellType1
CTCAGAAGTCTGGAGA	CellType1
CATTATCGTTCGGGCT	CellType1
GAACCTATCTGCAGTA	CellType1
TGAGCATGTGTAAGTA	CellType1
TCGTACCAGGTACTCT	CellType1
TGACTAGTCCCGACTT	CellType1
TTTCCTCCATCATCCC	CellType1
TGGGAAGAGAGTAATC	CellType1
CGCCAAGTCATCGATG	CellType1
TACCTTATCTGTTTGT	CellType1
CAAGAAAGTCGCGGTT	CellType1
TACTCATTCTGGCGTG	CellType1
ACTGAGTGTCAAACTC	CellType1
GAATGAACAAAGTCAA	CellType1
GTCATTTTCTCCCTGA	CellType1
TCGTAGAAGGACATTA	CellType1
TACGGGCCATGCCCGA	CellType1
CTCATTATCAGTCAGT	CellType1
GCATGATGTTCCATGA	CellType1
ACTGAGTGTCAAACTC	CellType1
GACGCGTAGGTGCTAG	CellType1
CGAGAAGGTCATATCG	CellType1
GAACATCTCTGGTATG	CellType1
GAATAAGAGTCACGCC	CellType1
CGAGAAGCATCCTAGA	CellType1
TGGGAAGCATGCAATC	CellType1
CTCTAATCAGGTTTCA	CellType1
TGCACCTAGGCTAGAC	CellType1
GCTGCAGCATGCATGT	CellType1
GTAACTGAGCTCTCGG	CellType1
ATCTACTTCAGGTTCA	CellType1
TTGGAACTCATACGGT	CellType1
CCCTCCTGTGAGTATA	CellType1
TAGGCATAGGCCCTTG	CellType1
CTACGTCGTAGCCTAT	CellType1
TCTCTAATCGTAGATC	CellType1
TGCGTGGCAGTATGCT	CellType1
GACGCGTAGGTGCTAG	CellType1
TCAGCAATCGTTTAGG	CellType1
TTTGGTTAGCCACCTG	CellType1
CTCATTAAGTTAAGTG	CellType1
GTCTCGTTCTTCCTTC	CellType1
TCAGGATTCGTTGACA	CellType1
ATTGGACTCAGAAATG	CellType1
GCTGCTTCATGCAACT	CellType1
CTTTGCGCAAGCCCAC	CellType1
TTAACTCGTCAAACTC	CellType1
CAAGTTGCAGCTGTAT	CellType1
CAGAATCGTCAAAGAT	CellType1
GGGCACTGTGGACGAT	CellType1
AGTGTCAGTCCAAGTT	CellType1
GAATGAAGTGCAGGTA	CellType1
CGAGAAGCATCCTAGA	CellType1
CGCTTCAAGAAGGACA	CellType1
GAATGAACAAAGTCAA	CellType1
AGAGCTTTCGACCAGC	CellType1
CAGTCCTGTACCAGTT	CellType1
CTCAGAAGTTAAGATG	CellType1
CCTATTACACGGACAA	CellType1
TTCTACATCTTAGAGC	CellType1
TCGGTAATCTGGTTCC	CellType1
GTAACTGAGCTCTCGG	CellType1
TCGGTAAAGAGTACAT	CellType1
TCAGGATTCGTTGACA	CellType1
GTCATTTGTCTAGTGT	CellType1
TCTATTGTCCACGAAT	CellType1
CCCAATCAGTCTCCTC	CellType1
GCATGTATCGTTACAG	CellType1
TTCCCAGAGACATAAC	CellType1
GGACAAGAGCAGACTG	CellType1
GACTAACAGAATTCCC	CellType1
ATCACGACATGTCCTC	CellType1
TCTGAGACAAGTCTAC	CellType1
CGATCGGGTCGCTTCT	CellType1
CTCGTCAGTTCTGAAC	CellType1
GACTAACAGAATTCCC	CellType1
CTAGTGAGTTAAGAAC	CellType1
GCATGTATCGTTACAG	CellType1
TTCCCAGAGACATAAC	CellType1
CACACCTTCTGGTGTA	CellType1
ATCTGCCAGCGCTTAT	CellType1
TCTATTGTCCACGAAT	CellType1
CAGAATCGTCAAAGAT	CellType1
GTCCTCAGTTTGCATG	CellType1
CTTAGGAGTCGAATCT	CellType1
CCGTACTAGAAACCAT	CellType1
CGTGTAACAGGAATGC	CellType1
CTTAACTAGCTCCCAG	CellType1
TATGCCCAGATCCGAG	CellType1
CTCAGAAGTTAAGATG	CellType1
TCTATTGTCTCAAGTG	CellType1
AGCGTCGCATCGACGC	CellType1
CTAAGACAGCCCAACC	CellType1
TTCCCAGAGACATAAC	CellType1
CTCTAATCAGGTTTCA	CellType1
AACTTTCGTTCCGTCT	CellType1
GACTAACAGAATTCCC	CellType1
CGTCTACCATCTGGTA	CellType1
ACTGAACTCTTGCAAG	CellType1
CTCACACAGGTGCTAG	CellType1
CTACCCAGTGAGGCTA	CellType1
GAAGCAGCACACCGCA	CellType1
GTCGGGTGTGTCCTCT	CellType1
AGAATAGTCTTTACGT	CellType1
CACCAGGAGGACTGGT	CellType1
GCTCTGTAGCCAGAAC	CellType1
TACTTACTCCTACAGA	CellType1
CTAAGACAGCCCAACC	CellType1
TCAGGTATCAGTGTTG	CellType1
CGTGTAATCCTAGAAC	CellType1
TACTTACTCCTACAGA	CellType1
ACTGAACTCTTGCAAG	CellType1
CAGCGACAGGCTAGCA	CellType1
CAACCAAAGACGCTTT	CellType1
GCTCTGTAGCCAGAAC	CellType1
CGTCCATCATCCTAGA	CellType1
ATTTCTGCACTCGACG	CellType1
AGCGTCGCATCGACGC	CellType1
CCTTCCCCAACCGCCA	CellType1
TACTTACTCCTACAGA	CellType1
TCAGGTATCAGTGTTG	CellType1
GACGCGTAGTATTGGA	CellType1
CATCAAGAGCACCGTC	CellType1
GCATGCGAGGTCATCT	CellType1
CCTCAGTTCAGTACGT	CellType1
TCAGGTATCAGTGTTG	CellType1
ACTGAACTCTTGCAAG	CellType1
CTCCTAGTCACCTTAT	CellType1
CCTTACGGTCAGCTAT	CellType1
TACACGATCTACTTAC	CellType1
ATCCACCAGACCACGA	CellType1
CATCAAGAGCACCGTC	CellType1
GTGGGTCTCCACGACG	CellType1
GCATGCGAGGTCATCT	CellType1
GACGTGCAGCTGAACG	CellType1
GTGGGTCTCCACGACG	CellType1
ATTCTACTCATCGGAT	CellType1
CTACCCAGTGAGGCTA	CellType1
GTTTCTAGTCTACCTC	CellType1
GTGCTTCCATGCGCAC	CellType1
CGGACTGAGGGTATCG	CellType1
TGTGGTATCTTAGAGC	CellType1
ATCACGATCCCATTTA	CellType1
ATCACGACACAGATTC	CellType1
AACCGCGTCTCATTCA	CellType1
CTTAACTCACAAGTAA	CellType1
TTGACTTGTTCACCTC	CellType1
CCTATTAAGATCCTGT	CellType1
TGACTTTCACAGATTC	CellType1
TAAGTGCTCGGCCGAT	CellType1
CATCAAGAGCACCGTC	CellType1
AACCGCGTCTCATTCA	CellType1
GTCCTCACAATGGAAT	CellType1
CTTAACTCACAAGTAA	CellType1
TATGCCCAGATCCGAG	CellType1
CTACGTCGTAGCCTAT	CellType1
CGGACTGAGGGTATCG	CellType1
CCTATTAAGATCCTGT	CellType1
GACCAATTCGTTACAG	CellType1
TCAACGACAGTACACT	CellType1
GCGCGATTCCTGTAGA	CellType1
CATCAAGAGCACCGTC	CellType1
TTTATGCAGCTGATAA	CellType1
TGACTAGTCCTGCAGG	CellType1
TACGGATAGTCTCCTC	CellType1
CTTAACTCACAAGTAA	CellType1
ACGCCGATCAGAGCTT	CellType1
CGGACTGAGGGTATCG	CellType1
GACCAATTCGTTACAG	CellType1
ATCACGATCCCATTTA	CellType1
GAAATGAAGGCTCTTA	CellType1
CATCAAGAGCACCGTC	CellType1
TCAACGACAGTACACT	CellType1
AACCGCGTCTCATTCA	CellType1
CAAGGCCTCGAACGGA	CellType1
CACATAGAGGATGGAA	CellType1
CGGACTGAGGGTATCG	CellType1
CTAGTGAAGTGTGGCA	CellType1
TCAGGTAAGACTAAGT	CellType1
CATCAGACAAGGACTG	CellType1
CTCTAATAGTAGCCGA	CellType1
CGAATGTCATGTAAGA	CellType1
CATCAGACAAGGACTG	CellType1
CGCTGGAAGCCCAGCT	CellType1
TTAACTCGTACCCAAT	CellType1
GGACAAGCAAGCCGTC	CellType1
ATCTACTAGTGTCTCA	CellType1
ACGTCAATCTGGCGAC	CellType1
ACGCCAGGTCTGATCA	CellType1
GCTCCTACATGCAATC	CellType1
GGGACCTGTTCCACTC	CellType1
TGAGCCGCAATCGAAA	CellType1
CTCGAGGCAAAGGCGT	CellType1
GCATGTACATGGTAGG	CellType1
AGGCCGTGTGCCTGCA	CellType1
CAAGTTGCAGACTCGC	CellType1
CGTCACTCACTCTGTC	CellType1
GAACCTACAACACCTA	CellType1
CGGTTAATCCAATGGT	CellType1
CATGGCGAGTCTCAAC	CellType1
TGATTTCGTCAAAGCG	CellType1
CGTCCATTCTTCTGGC	CellType1
TACTTACTCACCACCT	CellType1
CTGAAGTAGAGACGAA	CellType1
GGGCACTAGAGTAATC	CellType1
CTCACACTCCCTAATT	CellType1
ACAGCCGGTCTGCCAG	CellType1
TTGCGTCTCAATCACG	CellType1
TCAGGATCAGGCTGAA	CellType1
CCAATCCGTTAGTGGG	CellType1
TTCTCCTAGACGCTTT	CellType1
TCATTACTCGCGTAGC	CellType1
CATCAAGCACGAAAGC	CellType1
CACATAGAGTGAACAT	CellType1
CGATCGGAGCGCTCCA	CellType1
TGTATTCCACGAGAGT	CellType1
GACAGAGTCATGCTCC	CellType1
CGACTTCTCTTTAGGG	CellType1
TGCTGCTCATAAGACA	CellType1
TGACTAGTCTTGCAAG	CellType1
TGCTACCAGAAAGTGG	CellType1
CTCAGAAAGCCAGTTT	CellType1
TTCTCCTAGTGCCATT	CellType1
CGCGGTAAGGTGCAAC	CellType1
CATCGGGCACATCTTT	CellType1
GCGGGTTTCTCTTGAT	CellType1
ATGGGAGCACCCATGG	CellType1
CATGCCTGTTCGGGCT	CellType1
CTACATTTCACATAGC	CellType1
GGACAAGCACCTGGTG	CellType1
TTTACTGCAGGGTTAG	CellType1
TGGTTCCCAGCTTAAC	CellType1
CGGTTAATCTCAAGTG	CellType1
TTGCCGTGTCGCTTTC	CellType1
ACGTCAATCTGGCGAC	CellType1
GTGGGTCTCAGAGCTT	CellType1
CTCGGAGCAATTGCTG	CellType1
TGCCCTATCATCGCTC	CellType1
TGCCCTAGTATTCGTG	CellType1
TCATTACAGAGATGAG	CellType1
GTACTTTAGTAGCGGT	CellType1
GTTAAGCAGAAGGCCT	CellType1
TAAGTGCTCATCGGAT	CellType1
TTGCGTCCAATGTAAG	CellType1
CGTAGGCTCGACCAGC	CellType1
GGCGACTTCCGCGCAA	CellType1
TGCCCTAGTATTCGTG	CellType1
TTTACTGCAAGTAGTA	CellType1
CGTAGGCCAAGGCTCC	CellType1
CCTACACGTACCGTTA	CellType1
TTCGGTCGTTTAAGCC	CellType1
ATTTCTGAGCGGATCA	CellType1
ATCTACTCACAAGTAA	CellType1
TCGCGTTAGCAATCTC	CellType1
CTGTTTACATACCATG	CellType1
TCAACGATCCCAAGTA	CellType1
ACGTCAATCCCAGGTG	CellType1
ATTTCTGCACATCCGG	CellType1
CTTTGCGTCCACTGGG	CellType1
TGATTTCAGGCAAAGA	CellType1
TTAGTTCGTAACGCGA	CellType1
AACCATGGTATAATGG	CellType1
AGGGTGATCTTACCGC	CellType1
CATGCCTGTTTAGGAA	CellType1
CCGTACTGTTCGGCAC	CellType1
CTCAGAATCAACCAAC	CellType1
CTGAAGTTCATGTAGC	CellType1
CTGATAGGTTGATTCG	CellType1
CTGATAGTCTGGTGTA	CellType1
GCTTCCAGTACACCGC	CellType1
GGCGACTGTATAGGGC	CellType1
GTAGGCCGTGCAACGA	CellType1
TGAGCATCAGTCGATT	CellType1
TGCGTGGGTTACGCGC	CellType1
TGCTACCCACATCTTT	CellType1
TGTGTTTCAATACGCT	CellType1
TGTTCCGAGTCAAGCG	CellType1
TTAGGCATCCGTCATC	CellType1
TTGCGTCTCAGCGACC	CellType1
AACGTTGCATGCTGGC	CellType1
CCACGGACATTAGCCA	CellType1
CCTACACGTTCCAACA	CellType1
CTCGTACAGTTCGATC	CellType1
AACTTTCGTCCTGCTT	CellType1
GACGTTAAGGATGGAA	CellType1
TGCACCTGTCAAAGCG	CellType1
CAGGTGCCAATAACGA	CellType1
GGACGTCTCCCTAACC	CellType1
TGGGAAGAGGCCCTCA	CellType1
TCACAAGTCTGGTGTA	CellType1
GTGCGGTGTTACCGAT	CellType1
GTCGGGTTCTGGTGTA	CellType1
AGTGTCAGTCACACGC	CellType1
ACTGAGTTCAGGCCCA	CellType1
GGACATTGTAACGACG	CellType1
GGAACTTTCAAACCAC	CellType1
CTCAGAAAGTAGCGGT	CellType1
CGTTCTGGTAATTGGA	CellType1
CTCGAGGGTCATACTG	CellType1
CGCGTTTTCCGTTGCT	CellType1
TGGGAAGTCTCGCATC	CellType1
GACGTTAGTGTCTGAT	CellType1
AGCGTCGGTGCGCTTG	CellType1
CGATGTAAGCTGAAAT	CellType1
AGTTGGTGTCTGGAGA	CellType1
GCATGATGTAATCACC	CellType1
AACTCCCGTGGGTCAA	CellType1
GTACTTTCACGAGGTA	CellType1
GTCGTAACAATGGTCT	CellType1
GGGACCTAGGTTACCT	CellType1
CTTCTCTAGGCAGGTT	CellType1
GCTCCTACATGGTCAT	CellType1
CCGTGGACAAACTGCT	CellType1
CGAGAAGGTAGGCTGA	CellType1
GGTATTGCACTTCTGC	CellType1
CGCTGGAAGCGAAGGG	CellType1
CCTACACGTCGTCTTC	CellType1
CGCGTTTTCTCTGCTG	CellType1
CATCAAGTCATCGGAT	CellType1
AAGGTTCAGCACAGGT	CellType1
TTTGCGCGTAGGCTGA	CellType1
ACTTGTTGTATCAGTC	CellType1
ACACTGAAGGCATGGT	CellType1
CATTCGCAGCTCAACT	CellType1
CACAAACAGGAGTTTA	CellType1
TCACAAGTCTCGTATT	CellType1
ACACCGGGTCCGCTGA	CellType1
TTGACTTCACAGTCGC	CellType1
GTGCATATCATATCGG	CellType1
CACAGTAGTGCAACTT	CellType1
TATCTCAAGTATCTCG	CellType1
TCAACGAGTGGTACAG	CellType1
TCCCGATAGCCACTAT	CellType1
CTGCTGTGTCACCCAG	CellType1
GGACAGAGTGACGCCT	CellType1
AGTCTTTCACCTTGTC	CellType1
TCACAAGTCTCGTATT	CellType1
ATCATCTTCGGTCCGA	CellType1
ACATGGTTCGTCGTTC	CellType1
ATCATCTGTAGCTCCG	CellType1
GAGGTGAGTTACTGAC	CellType1
CATCAAGAGGTGATTA	CellType1
TCGTAGACACCACCAG	CellType1
ATCCGAATCTACCAGA	CellType1
TCATTACGTATGGTTC	CellType1
CGCGTTTAGCTACCTA	CellType1
CTGATAGGTGACTACT	CellType1
CAACTAGAGCTGTTCA	CellType1
GAAGCAGAGCCACGTC	CellType1
GGCGTGTTCCTCATTA	CellType1
ATCCACCTCGCACTCT	CellType1
GAAACTCAGTCCAGGA	CellType1
CTGTGCTAGGACACCA	CellType1
TACGGTACATATACCG	CellType1
CGAATGTAGTGAAGAG	CellType1
CCTTCCCTCGGACAAG	CellType1
GGGCACTGTTAAAGTG	CellType1
AAACCTGCAGTTCATG	CellType1
TCCCGATGTTGATTCG	CellType1
CTTAGGAGTTATGCGT	CellType1
ACGGGTCAGTCACGCC	CellType1
TGAGCATCAGCCAATT	CellType1
CTTACCGCAGATAATG	CellType1
TTCTCCTAGGACTGGT	CellType1
CTGATAGGTGTGGTTT	CellType1
GATCGCGCATCCCACT	CellType1
CGAATGTCAGACGCAA	CellType1
TCATTACTCGCGTAGC	CellType1
CGCTGGAGTTAAAGTG	CellType1
TCACAAGTCTGGTGTA	CellType1
CTTGGCTTCATGTGGT	CellType1
GTAACGTTCACATAGC	CellType1
TGGCCAGTCGTTTATC	CellType1
CCTAGCTTCCTTGACC	CellType1
CCGTACTCAGTTAACC	CellType1
CCAATCCGTTAGTGGG	CellType1
TGCGGGTTCAAACAAG	CellType1
CGACCTTGTGGTGTAG	CellType1
CTGCGGAAGGGCACTA	CellType1
AGAGCTTCAAGCGAGT	CellType1
CTAGCCTCACAAGTAA	CellType1
CGTAGCGAGAATTGTG	CellType1
CCAATCCTCTCAAGTG	CellType1
TGGGAAGAGGCCCTCA	CellType1
GCGCAGTGTCATCCCT	CellType1
CCTAGCTGTAAACCTC	CellType1
GACCAATAGCTCCCAG	CellType1
TCAGGATCAGGCTGAA	CellType1
CCTAGCTGTACAAGTA	CellType1
ATTGGTGGTTCCACGG	CellType1
TTGACTTGTATCGCAT	CellType1
GCATGCGTCTAACTCT	CellType1
TGAGAGGGTTTAGCTG	CellType1
GACAGAGTCGTACCGG	CellType1
AGATCTGCACGGATAG	CellType1
ACAGCTATCCGCTGTT	CellType1
TCTGGAACATTGGTAC	CellType1
ACGAGCCGTAGCGTCC	CellType1
ATCATCTAGAGTAATC	CellType1
CGTGTAAAGAGGTAGA	CellType1
CGATGTACAGTGACAG	CellType1
CACAAACTCGTCGTTC	CellType1
AACTCCCTCACCACCT	CellType1
CATCGAATCGGATGTT	CellType1
TTGACTTGTTCACCTC	CellType1
CCTTCGACAAAGGTGC	CellType1
CAGGTGCTCAGCATGT	CellType1
TGTGTTTTCTAGCACA	CellType1
CATATTCCATCCGTGG	CellType1
TGAGGGATCATCGATG	CellType1
ACATACGCAGTAAGCG	CellType1
TCCACACCATGCCTAA	CellType1
GCTGCAGCATGCATGT	CellType1
CGACCTTTCTATGTGG	CellType1
GGAGCAACAGATAATG	CellType1
TGGGCGTCAAAGTCAA	CellType1
CCTAGCTGTACAAGTA	CellType1
ACATGGTGTCGGATCC	CellType1
GTGCAGCTCCTAGTGA	CellType1
GTCATTTAGTATCGAA	CellType1
TGGGAAGTCAGTGCAT	CellType1
CGATGGCCAGGGTACA	CellType1
GCACTCTAGCTAACTC	CellType1
TGTCCCACATGGATGG	CellType1
CGTGTCTTCAGCTGGC	CellType1
GATCAGTAGTGACATA	CellType1
TAAGTGCAGCACAGGT	CellType1
CATGACACAATGCCAT	CellType1
GATCGATCATTTGCTT	CellType1
GGGTCTGCAAGCGATG	CellType1
CGCTGGAGTTAAAGTG	CellType1
CTGTTTACATACCATG	CellType1
GTGGGTCAGTCATGCT	CellType1
CGTTAGAGTGCAACTT	CellType1
CTCCTAGAGTTAAGTG	CellType1
CATCGGGCAAGGGTCA	CellType1
ATCCACCGTAGATTAG	CellType1
TTGCCGTCACTAAGTC	CellType1
GCACATACAACGATCT	CellType1
CGTTGGGTCCCAAGTA	CellType1
ACAGCTATCCGCTGTT	CellType1
TTTCCTCTCGCATGAT	CellType1
GCTTGAATCATGCTCC	CellType1
ACGGCCATCCACGACG	CellType1
ACAGCTATCCGCTGTT	CellType1
GCAAACTTCCGTAGTA	CellType1
CTGAAACTCATTGCGA	CellType1
ACAGCTATCCGCTGTT	CellType1
ACGCCGAAGGCTAGAC	CellType1
TACGGATTCAGTTCGA	CellType1
ACATACGAGCTAGTGG	CellType1
CATATTCCACAGACTT	CellType1
CGTCCATAGTGTTGAA	CellType1
TCTCATATCATTTGGG	CellType1
CGCTATCAGAAACCAT	CellType1
AGATTGCGTGACCAAG	CellType1
CTAGCCTAGGACAGCT	CellType1
CATATTCAGACAGAGA	CellType1
TGCCCTATCATCGCTC	CellType1
TTAGGCATCTTGTATC	CellType1
GTTTCTAGTCTCTTTA	CellType1
CAAGGCCAGTTACCCA	CellType1
CGCTATCTCTCATTCA	CellType1
TCGAGGCCACGTCAGC	CellType1
GACGTGCGTTCCGGCA	CellType1
GTCTCGTAGGCCGAAT	CellType1
TGTGGTAAGGAATGGA	CellType1
GGGCATCTCTCGTATT	CellType1
CACTCCAAGCGACGTA	CellType1
TTCGAAGTCACCGTAA	CellType1
ATCTACTCACTAGTAC	CellType1
TCATTTGAGGCGTACA	CellType1
GACAGAGCATACTCTT	CellType1
GCGAGAAGTTCGCTAA	CellType1
TGCACCTCAAACGTGG	CellType1
TTAGGACTCTTCCTTC	CellType1
TCGAGGCTCGAGAACG	CellType1
TACTCATTCTGGCGTG	CellType1
ATCATCTAGTCATGCT	CellType1
CTCGGAGAGCCAGTTT	CellType1
AAATGCCTCGAACGGA	CellType1
GTGAAGGCATCCGCGA	CellType1
TCAACGAAGAGCTATA	CellType1
CAGCATACATATGAGA	CellType1
CTCGGAGCAGAGTGTG	CellType1
TGCACCTCAAGCGATG	CellType1
TGAAAGAGTTCTGTTT	CellType1
AAATGCCCAGGCTGAA	CellType1
CTACGTCCACGGTAGA	CellType1
AGGGTGATCTGCGTAA	CellType1
CTCGGGAAGCGTGTCC	CellType1
TGCCCATAGCCAGTAG	CellType1
TTTGGTTGTCTTGCGG	CellType1
TCAATCTCATCCGCGA	CellType1
GTGCTTCCAGGTCTCG	CellType1
CTACGTCCACGGTAGA	CellType1
TCCACACGTGTTCTTT	CellType1
AGTTGGTCATGAAGTA	CellType1
CATTCGCCAGGTGCCT	CellType1
ATTCTACGTATGCTTG	CellType1
GACCTGGGTTCCTCCA	CellType1
GCGCAACTCGAATGGG	CellType1
AAGTCTGCAGGATCGA	CellType1
TCTGAGACAAGTCTAC	CellType1
CGTGTAATCCTAGAAC	CellType1
TCGAGGCGTTGGACCC	CellType1
CATGACATCAGTCAGT	CellType1
CGAATGTAGCCAGGAT	CellType1
GTATCTTAGCTGCAAG	CellType1
ACCAGTACATCCGTGG	CellType1
CGGAGTCCACGGATAG	CellType1
GGGCACTCACGGCGTT	CellType1
GGCGACTGTATAGGGC	CellType1
GATTCAGGTCAAAGAT	CellType1
CTAACTTAGTACGCCC	CellType1
GAGCAGATCATGCATG	CellType1
GCGCGATAGCTCCCAG	CellType1
TACGGGCGTCTGCAAT	CellType1
CACAGGCTCCGCGCAA	CellType1
TCATTACCACTCGACG	CellType1
CTTGGCTCAAGCCCAC	CellType1
GCGCCAATCACTTCAT	CellType1
GCAGCCATCCAAACAC	CellType1
GTCCTCAAGGAATGGA	CellType1
GTGTTAGCATCCGCGA	CellType1
CCTTCGAGTTGAACTC	CellType1
GGACGTCAGTTCGCGC	CellType1
CATCAAGAGGTGATTA	CellType1
ACAGCCGGTGGTCTCG	CellType1
CGATGTACATTCACTT	CellType1
CCTCAGTAGAAGGACA	CellType1
TGACAACGTTTGGGCC	CellType1
TACGGATCAGGACGTA	CellType1
CTACGTCAGGTGTTAA	CellType1
GCGCGATAGCCAGTAG	CellType1
GCAAACTGTTCGCTAA	CellType1
CATATTCAGGGTGTGT	CellType1
CAGCTAACACCTCGTT	CellType1
TTTATGCAGACTGGGT	CellType1
CTGGTCTAGAACAATC	CellType1
GGCGACTTCCTAGGGC	CellType1
GGGAATGGTATATGGA	CellType1
GTGCATATCATATCGG	CellType1
AACTTTCGTTCCGTCT	CellType1
CATGGCGCATCGATGT	CellType1
CTAACTTCAAACGTGG	CellType1
TCGTAGAAGCTACCTA	CellType1
GCGACCACACGGCTAC	CellType1
GCGCAGTAGCGATGAC	CellType1
TTCTCCTCATGAACCT	CellType1
GTCACAAAGCACCGCT	CellType1
AACTTTCTCTTCGAGA	CellType1
CGTGTAAGTATAAACG	CellType1
TAAACCGCACATCCAA	CellType1
TGACAACAGTAGGCCA	CellType1
CTGTGCTCATGACATC	CellType1
TCTTTCCCAGCTGGCT	CellType1
TGTGTTTTCGCGTTTC	CellType1
TGACGGCCATTGGGCC	CellType1
CATTATCGTTAAGAAC	CellType1
AGTGTCAGTCTCCACT	CellType1
CCGTGGATCTCGGACG	CellType1
GTAACGTCAAGCCGTC	CellType1
CGTCACTGTCGCTTCT	CellType1
TGCCCTATCTGCCAGG	CellType1
GCGAGAACAACTGCGC	CellType1
TCCCGATGTTGATTCG	CellType1
TCTATTGTCCACGAAT	CellType1
CTAGCCTGTTCTGGTA	CellType1
AACTCCCAGCTTTGGT	CellType1
TACTCATGTCTGCGGT	CellType1
GGTGTTAAGGGATACC	CellType1
CACACAAAGTCCGGTC	CellType1
GCATGATAGTCGCCGT	CellType1
ACTGAGTAGGCGTACA	CellType1
CAGATCACAGTCTTCC	CellType1
CGTCCATTCTTCTGGC	CellType1
CGATGTACATTCACTT	CellType1
GAGTCCGTCATAACCG	CellType1
CGTTCTGTCGCCAAAT	CellType1
TTTATGCAGCTGATAA	CellType1
CAAGATCAGAGCAATT	CellType1
CAGATCACAGTCTTCC	CellType1
TACGGATGTACTTAGC	CellType1
CATGCCTTCAGAGGTG	CellType1
CAGAGAGAGCGTGTCC	CellType1
TATCAGGCAAGGTTCT	CellType1
AACTTTCGTTATCGGT	CellType1
GGACAAGCACCTGGTG	CellType1
CGAACATGTATATCCG	CellType1
GAGTCCGTCATAACCG	CellType1
GCTCTGTAGAGATGAG	CellType1
CGTAGCGAGAATTGTG	CellType1
GTACTTTAGGCTCAGA	CellType1
ATGTGTGCAACACCCG	CellType1
CATATTCAGACTACAA	CellType1
TGGTTCCCAGACTCGC	CellType1
GTTCTCGCACATGGGA	CellType1
TGCCCTATCTTAGAGC	CellType1
CATATTCGTCGCGTGT	CellType1
TGCTACCTCGTACCGG	CellType1
CCCATACGTGGCGAAT	CellType1
AGTTGGTGTTTCGCTC	CellType1
AGCGTCGGTGCGCTTG	CellType1
TGAGCCGGTCAAACTC	CellType1
TGTGTTTTCTAGCACA	CellType1
TGCCCATAGAAGGTGA	CellType1
CGCTGGAAGCTGCCCA	CellType1
CGGACTGAGGCAAAGA	CellType1
TAGACCAAGATATACG	CellType1
CCACGGATCCATGAGT	CellType1
ATAACGCCAAGTTAAG	CellType1
CGCTATCTCGTCACGG	CellType1
TCCCGATGTTGATTCG	CellType1
CCACTACGTTCCGGCA	CellType1
GTAGTCATCTCGCATC	CellType1
CGAATGTAGTGAAGAG	CellType1
CACTCCAAGAGCTTCT	CellType1
TTCTTAGTCGTCACGG	CellType1
TTTGTCATCGCTTAGA	CellType1
CTCGGGATCAACGGCC	CellType1
TGGGAAGTCTATCGCC	CellType1
TACGGATGTACTTAGC	CellType1
GTTCGGGTCTAACCGA	CellType1
TTTGCGCTCTGGTGTA	CellType1
ATTCTACTCGGCTTGG	CellType1
TCCACACCAGCTGCTG	CellType1
CGCGGTAGTTCCGTCT	CellType1
TCGAGGCAGTACTTGC	CellType1
TGCCAAACACCCATTC	CellType1
TACTTGTGTCCTGCTT	CellType1
CCTAGCTTCCTTGACC	CellType1
GCGCGATTCCTGTAGA	CellType1
AGTTGGTTCAATCACG	CellType1
ACTGAACTCTTGCAAG	CellType1
TCGAGGCGTACCCAAT	CellType1
AACTTTCTCTTCGAGA	CellType1
GTAACGTAGCTTCGCG	CellType1
ACCCACTTCGGCCGAT	CellType1
CATATTCCATCTGGTA	CellType1
GGGACCTGTTCCACTC	CellType1
CTAGCCTAGGACAGCT	CellType1
TTAACTCTCGTACGGC	CellType1
TTCGGTCCATTGGGCC	CellType1
GCTCCTAGTAGGAGTC	CellType1
CTACATTCAACGATGG	CellType1
TGCGCAGCATTACGAC	CellType1
TTGACTTGTATCGCAT	CellType1
ATTCTACAGAGTGAGA	CellType1
TGTCCCATCAAACAAG	CellType1
CGTAGCGAGAATTGTG	CellType1
CTAGTGACATTTGCCC	CellType1
TGGCCAGCACCATGTA	CellType1
TGGTTCCTCAGAAATG	CellType1
CGTCTACTCCGATATG	CellType1
TCATTTGGTGGCCCTA	CellType1
GGCGACTTCCTAGGGC	CellType1
CAGCTAATCTCGCATC	CellType1
TCATTTGGTGGCCCTA	CellType1
TCATTACTCCTTCAAT	CellType1
CACAGGCTCCGCGCAA	CellType1
GTATTCTTCGTTACGA	CellType1
AAGACCTGTCCGAAGA	CellType1
GTCACAAAGCACCGCT	CellType1
CGCTTCAGTTGCTCCT	CellType1
GTCGTAACACTGCCAG	CellType1
CGGAGTCCACGGATAG	CellType1
TGTGTTTTCGCGTTTC	CellType1
ATGTGTGCAACTGCGC	CellType1
CGGAGTCTCGTGGTCG	CellType1
CACTCCAAGCCCTAAT	CellType1
GGACGTCAGATGCCAG	CellType1
CACAGTACACAAGCCC	CellType1
GACCAATTCGTTACAG	CellType1
CTGCTGTAGTGGAGAA	CellType1
GAATAAGCAAAGTGCG	CellType1
ATCATCTTCGGTCCGA	CellType1
CAAGATCCAGCTATTG	CellType1
GAAACTCTCCCTCTTT	CellType1
CTGCCTAAGATGGCGT	CellType1
TTGCCGTCACTAAGTC	CellType1
CACATTTAGAGTCGGT	CellType1
CCCATACAGGCATTGG	CellType1
TGACTTTTCGAGAGCA	CellType1
GACTACACATGCAATC	CellType1
CGTCACTAGACAGACC	CellType1
TCAGGTAAGACTAAGT	CellType1
CGGACTGGTCCAGTGC	CellType1
GTGGGTCAGGTTCCTA	CellType1
TTATGCTTCGGACAAG	CellType1
CTTGGCTCAAGCGATG	CellType1
CACAGGCTCCGCGCAA	CellType1
CTTACCGGTCAGAGGT	CellType1
CACACAACACTCAGGC	CellType1
CTGAAACAGAGTTGGC	CellType1
GAACGGACATCCGTGG	CellType1
ATCATGGTCGAATGCT	CellType1
TGTGTTTTCGCGTTTC	CellType1
CTGCGGAGTTCCACTC	CellType1
ATGCGATCATGTCGAT	CellType1
GTCGTAATCGCATGGC	CellType1
GCTGCAGTCAGTTGAC	CellType1
CCGGTAGAGTAGTGCG	CellType1
AGATTGCCAGGAATCG	CellType1
TAAACCGTCTTGCATT	CellType1
AGGCCGTTCTACTATC	CellType1
ATAAGAGTCTTCGAGA	CellType1
CCGTTCAGTTTGGGCC	CellType1
CTGCTGTTCAGTACGT	CellType1
GATCGCGAGAGACTTA	CellType1
CTGAAACAGATCGGGT	CellType1
TATCTCAAGCTAGTCT	CellType1
TGCCCTAAGAACAACT	CellType1
TGGCGCAAGAACAACT	CellType1
GTCACGGTCTGCCCTA	CellType1
TAGAGCTTCATGTCTT	CellType1
GTCTCGTGTAAATGTG	CellType1
GGATTACGTGCCTTGG	CellType1
TCAGATGCACCGTTGG	CellType1
TGCCAAACACATCTTT	CellType1
TGATTTCGTCAAAGCG	CellType1
GTTCATTAGTCCGGTC	CellType1
ATCCACCTCGCACTCT	CellType1
CTGGTCTAGTGGGTTG	CellType1
GACTACACACCCATTC	CellType1
ACTTTCATCCGCATCT	CellType1
CTCACACAGGTGCTAG	CellType1
ATCTACTAGCGAGAAA	CellType1
AGAGCTTTCGACCAGC	CellType1
TGAGCATAGCATCATC	CellType1
ACTTACTCATCACAAC	CellType1
CTAAGACAGGACATTA	CellType1
GTCACAAGTCCATGAT	CellType1
CCAATCCGTTAGTGGG	CellType1
AGAGCTTTCGACCAGC	CellType1
GCGCCAACACAAGCCC	CellType1
TGACTAGTCCTGCAGG	CellType1
GAAGCAGCACGGATAG	CellType1
CTGATCCCACAGATTC	CellType1
GTCACAAGTCCATGAT	CellType1
GTTCGGGCACGTCAGC	CellType1
TTGGAACTCATACGGT	CellType1
CGTAGCGGTCATTAGC	CellType1
GTTCGGGCACGTCAGC	CellType1
AGCTCTCCACATTCGA	CellType1
TGAGGGATCATCGATG	CellType1
GCTGCAGGTCAAGCGA	CellType1
ACAGCCGGTGGTCTCG	CellType1
CAGATCACAGTCTTCC	CellType1
ACAGCCGGTGGTCTCG	CellType1
CGCTGGAAGCTGCCCA	CellType1
GAAGCAGCACGGATAG	CellType1
GCATGCGTCCGAAGAG	CellType1
CCCAATCCAAGCTGGA	CellType1
CAAGATCCAGCTATTG	CellType1
ATGCGATGTAGGAGTC	CellType1
GTCTTCGCATCCTTGC	CellType1
CAGAATCAGCCACGCT	CellType1
GTTCGGGTCATGTGGT	CellType1
CTAGTGAAGATCTGAA	CellType1
CTCATTAAGAAGAAGC	CellType1
GACTACACATGCAACT	CellType1
CTAGTGAAGATCTGAA	CellType1
GCATGCGTCCGAAGAG	CellType1
CAGATCACAGTCTTCC	CellType1
GTGCTTCCAGGTCTCG	CellType1
TGAGGGATCATCGATG	CellType1
GGAACTTTCATTCACT	CellType1
GTGCTTCCAGGTCTCG	CellType1
ATGTGTGGTCTAGAGG	CellType1
CTAGTGAAGATCTGAA	CellType1
TGCCCTATCTTAGAGC	CellType1
GTTCGGGCACGTCAGC	CellType1
TGAGCATAGCATCATC	CellType1
CACATAGGTTCCACGG	CellType1
CAAGTTGTCGCTTGTC	CellType1
GCGCCAAGTTGGACCC	CellType1
TTGAACGAGAATGTGT	CellType1
GCTTCCAAGCTTATCG	CellType1
TGAGGGATCATCGATG	CellType1
CGCTGGAAGCTGCCCA	CellType1
AAGCCGCGTCTCTTAT	CellType1
GTCACAAGTCCATGAT	CellType1
TATCTCAAGTATCTCG	CellType1
CGCTGGAAGCTGCCCA	CellType1
CTCATTAAGAAGAAGC	CellType1
GGGCACTGTTAAAGTG	CellType1
ACAGCCGGTGGTCTCG	CellType1
GCGCCAATCACTTCAT	CellType1
TAAACCGCACATCCAA	CellType1
GGAACTTTCATTCACT	CellType1
GCTTCCAAGCTTATCG	CellType1
TATCTCAAGTATCTCG	CellType1
CTAGTGAAGATCTGAA	CellType1
GCGCAGTAGGTTCCTA	CellType1
CCTAGCTGTAAACCTC	CellType1
TTCTCCTTCCTAGGGC	CellType1
CGTAGCGTCTAAGCCA	CellType1
CTAACTTGTTACGGAG	CellType1
CCCAGTTAGATCGATA	CellType1
TGAGAGGCAGTTAACC	CellType1
TGTGGTATCGTACCGG	CellType1
AGAGCGACAACTGCGC	CellType1
GCTTGAATCATCGGAT	CellType1
GTGCGGTCACTTCGAA	CellType1
TGCTACCCAAGTTCTG	CellType1
TAGGCATGTTAGTGGG	CellType1
GGTGAAGTCTCTGTCG	CellType1
TCACAAGTCTCGTATT	CellType1
TCTTTCCCAAGGACAC	CellType1
TATTACCAGCGTCAAG	CellType1
GCTTGAATCATCGGAT	CellType1
CGGAGTCTCGCTAGCG	CellType1
GTTTCTAAGCGTTTAC	CellType1
TCTCTAATCTCGTTTA	CellType1
TCAGGTACAAGTTCTG	CellType1
TCCCGATAGCCACTAT	CellType1
CGTTGGGTCCCAAGTA	CellType1
CGTTAGATCACTTCAT	CellType1
TGCCCTATCCTCCTAG	CellType1
TTGCGTCAGACTGGGT	CellType1
CGTTAGATCACTTCAT	CellType1
CAGCATAGTCTCAACA	CellType1
TCACGAACACGGTAAG	CellType1
TTCGAAGTCGGTTAAC	CellType1
CACAGGCAGGGCATGT	CellType1
TCGTACCTCACCCTCA	CellType1
TGCGCAGTCCTCGCAT	CellType1
TGACAACGTTTGGGCC	CellType1
CGTTCTGTCCTGCAGG	CellType1
TCTCTAACAGGTGCCT	CellType1
CAAGTTGAGCTGTTCA	CellType1
TTAGGCAAGTGTGAAT	CellType1
AGGCCGTAGGCATGTG	CellType1
CACCTTGGTGACGCCT	CellType1
CACAGTATCCTAGTGA	CellType1
GTCGTAAAGTGGGATC	CellType1
CTCGTCAGTACCGTAT	CellType1
CCTTCGACAAAGGTGC	CellType1
CCGGTAGTCGATCCCT	CellType1
CCTACCAAGAAGGCCT	CellType1
CACATAGGTGTTTGGT	CellType1
CATATTCCACCTGGTG	CellType1
CTAATGGCAATCGAAA	CellType1
CAACCAAAGCGTTGCC	CellType1
CGTTAGACAAGTTCTG	CellType1
CCACGGATCTTGCATT	CellType1
GAAGCAGCACACCGCA	CellType1
GTGCTTCCAGGTCTCG	CellType1
CTGTTTATCCGAGCCA	CellType1
ATCCACCGTTAAGGGC	CellType1
GAACGGATCTGTACGA	CellType1
TCATTACAGAGATGAG	CellType1
GTCGGGTGTCCCTACT	CellType1
ACTTACTAGAGTAAGG	CellType1
TCAGATGTCCGCTGTT	CellType1
CACCAGGGTCGGATCC	CellType1
CGATTGACACATTCGA	CellType1
TGGTTCCGTACTTCTT	CellType1
TACGGTATCTTGGGTA	CellType1
GCATGATGTTCCATGA	CellType1
GCGCAACGTATAAACG	CellType1
CTACACCTCAATCTCT	CellType1
CCGTTCACATGGTCTA	CellType1
TGAGCCGTCATCGATG	CellType1
CCGTGGACAGCGATCC	CellType1
CCGTTCACATGGTCTA	CellType1
GTCACAAAGTGAACGC	CellType1
TCTCATATCATCGCTC	CellType1
TCGTAGATCCCTTGCA	CellType1
TCGAGGCCATGAGCGA	CellType1
CCCAATCTCACCGGGT	CellType1
CTTAACTGTTACCGAT	CellType1
GACGGCTCAGTACACT	CellType1
CGGTTAACATGCAACT	CellType1
GCTGCAGCATGTCGAT	CellType1
CCCAGTTAGTCCATAC	CellType1
AAGCCGCCACATTAGC	CellType1
GGCTGGTTCGTTTATC	CellType1
CGTTGGGTCCCAAGTA	CellType1
CTTAGGACAACACCTA	CellType1
TGATTTCAGTGGACGT	CellType1
TCGTAGATCCCTTGCA	CellType1
TCAACGAAGATCCGAG	CellType1
CCGTTCACATGGTCTA	CellType1
TAGCCGGAGCATCATC	CellType1
CCTTACGGTATGAAAC	CellType1
GAACATCTCTGGTATG	CellType1
TAGTGGTCAGCTTCGG	CellType1
TCTCATAAGATGCCAG	CellType1
GTACTTTCAGCTGTGC	CellType1
ATCATGGCACCGAATT	CellType1
GATCGATCATTTGCTT	CellType1
CCTATTACACGGACAA	CellType1
TCATTACCATGAAGTA	CellType1
GTGGGTCTCGTAGGTT	CellType1
CGGAGCTAGAACAATC	CellType1
GGACGTCGTCGGCTCA	CellType1
CTGTGCTCATGACATC	CellType1
GGAGCAACAAGGCTCC	CellType1
TCATTTGAGTACATGA	CellType1
CGGGTCACATGTCTCC	CellType1
TAAACCGTCTTGCAAG	CellType1
TGGTTCCCAGACTCGC	CellType1
CTGATCCAGTTAGGTA	CellType1
ACGAGCCAGTATCTCG	CellType1
TCGGGACGTGACTACT	CellType1
CGACCTTTCAGGCGAA	CellType1
CAGAGAGTCGCGGATC	CellType1
CGTTGGGAGTGCCAGA	CellType1
TCAGCTCCAAATTGCC	CellType1
TGATTTCGTCAAAGCG	CellType1
CCTACACCAAACCCAT	CellType1
CGGAGTCGTTATGTGC	CellType1
GCCTCTATCGCGGATC	CellType1
TATGCCCTCTTACCTA	CellType1
CACCTTGGTGACGCCT	CellType1
TAGTGGTAGTGCGATG	CellType1
GAACATCTCTGGTATG	CellType1
AGGGATGAGTCATCCA	CellType1
CTCATTAAGTGCGTGA	CellType1
GGCTCGACAACAACCT	CellType1
TAGCCGGCATCGGACC	CellType1
TCGTAGATCCCTTGCA	CellType1
TGGTTCCCACGGCCAT	CellType1
GGCGACTTCAACACTG	CellType1
TCAACGAAGATCCGAG	CellType1
CGTAGCGCAAACGCGA	CellType1
GTACTTTTCTTGTCAT	CellType1
GGACGTCTCTGCCCTA	CellType1
TTCCCAGCAAGCCCAC	CellType1
GACTAACGTTGCGTTA	CellType1
TAGTGGTCAGCTTCGG	CellType1
TTTACTGTCTTGTCAT	CellType1
CGACTTCAGACGCTTT	CellType1
CCATTCGGTCCAGTAT	CellType1
CTAGTGACAGGAATGC	CellType1
CCGTGGACAGCGATCC	CellType1
CGTGTCTAGTGGAGAA	CellType1
CTAATGGGTCTCAACA	CellType1
GACACGCAGATCGGGT	CellType1
TAGTGGTAGTTGTAGA	CellType1
TGATTTCGTTCCAACA	CellType1
TCGTAGATCCCTTGCA	CellType1
TTCTTAGCAGCCTTGG	CellType1
CCTTACGAGAAGGTGA	CellType1
ACGGGTCCATCACGTA	CellType1
GCACTCTAGAGTACCG	CellType1
CACCTTGGTGACGCCT	CellType1
TAGAGCTTCATGTCTT	CellType1
CGCGGTAAGGTGCAAC	CellType1
CATCGAAAGGAGCGAG	CellType1
CCGTACTTCAGGCAAG	CellType1
CAAGAAAGTCTGATCA	CellType1
CCGGTAGGTTATCCGA	CellType1
TGTGTTTGTAGAAAGG	CellType1
CGGAGTCTCCAAACTG	CellType1
TGCTGCTAGGCTAGGT	CellType1
TGGGAAGTCTTCGAGA	CellType1
TTCTCAAAGTACGTTC	CellType1
GCATGATTCTTCATGT	CellType1
CGTGTCTAGTGGAGAA	CellType1
TCGTAGATCCCTTGCA	CellType1
CACAGTAAGGTAGCCA	CellType1
CATCGGGTCAACACTG	CellType1
TACCTTAGTTAAGAAC	CellType1
ATCATGGCACGGTAGA	CellType1
TAGCCGGAGAATAGGG	CellType1
TCCCGATCATGCGCAC	CellType1
ATCTGCCCAACCGCCA	CellType1
TGACTTTCAACGATCT	CellType1
GTGTTAGGTATTCTCT	CellType1
TCAGGATGTTGTGGCC	CellType1
CGAGAAGGTAGCAAAT	CellType1
CCGTTCAAGCAGATCG	CellType1
CGAGAAGTCGCAAGCC	CellType1
TCCACACGTGTTCTTT	CellType1
TTAACTCCAAATACAG	CellType1
TCCCGATAGCCACTAT	CellType1
TTCTTAGCAGCCTTGG	CellType1
GTCAAGTCATACTCTT	CellType1
CTAGCCTCAAGTAATG	CellType1
TCAGATGCAAAGGCGT	CellType1
AGAGTGGTCGATCCCT	CellType1
TCTCATATCATTTGGG	CellType1
AAACCTGAGTACATGA	CellType1
CGACCTTTCAGGCGAA	CellType1
CTAAGACAGCTACCGC	CellType1
CAAGTTGCACTAGTAC	CellType1
CATATTCAGGGTGTGT	CellType1
GACACGCCACACATGT	CellType1
ACCTTTATCGCAAGCC	CellType1
GATCGATCATGACGGA	CellType1
CTGGTCTTCATCATTC	CellType1
TGGACGCCAGATCTGT	CellType1
CTTACCGGTTAGGGTG	CellType1
GTCACGGCATCTGGTA	CellType1
ACATACGAGCTCCTTC	CellType1
AAATGCCAGGCCCGTT	CellType1
TCAACGAGTTGCCTCT	CellType1
CAGTCCTTCTAACGGT	CellType1
TTTACTGCATTTGCCC	CellType1
TTTCCTCAGTGCAAGC	CellType1
AGCTCCTGTGAGTATA	CellType1
ACACCCTCAAGTTGTC	CellType1
TTGGCAAAGGGAAACA	CellType1
AACTCCCCAATGGAGC	CellType1
CTGTGCTGTTTACTCT	CellType1
GTGCAGCAGCTTATCG	CellType1
CACACTCGTCACCTAA	CellType1
GGAACTTTCCGCATAA	CellType1
CATCGAACATGCTAGT	CellType1
ACTTTCATCGGATGGA	CellType1
TGACTAGGTCTGATTG	CellType1
CAAGATCAGACACTAA	CellType1
CCGTACTAGAAACCAT	CellType1
CGCTATCAGGGCTTCC	CellType1
CATGCCTTCAGAGGTG	CellType1
AGCAGCCAGCCAGGAT	CellType1
TTCGGTCCATTGGGCC	CellType1
CAGGTGCCAATAACGA	CellType1
TTCTCCTCATGAACCT	CellType1
CCCATACGTGGCGAAT	CellType1
CCTTCCCCACTGTGTA	CellType1
TCTCTAATCAGGCGAA	CellType1
TAGGCATAGGTGACCA	CellType1
GGATGTTCACGTCTCT	CellType1
CGGAGTCCACGGATAG	CellType1
CGTTCTGGTAATTGGA	CellType1
CGAACATTCGCATGAT	CellType1
GGAACTTTCCGTACAA	CellType1
CCGGGATCAATCCGAT	CellType1
CATATTCAGGGTGTGT	CellType1
TCTCTAATCCCACTTG	CellType1
AACTCCCAGTACGACG	CellType1
CGCCAAGAGCGTGTCC	CellType1
CACCACTCATGGTCAT	CellType1
TAGTTGGCATAGTAAG	CellType1
CGTTCTGCACGTAAGG	CellType1
ATTACTCTCGATCCCT	CellType1
CCGGGATTCGACCAGC	CellType1
TGACGGCCAACAACCT	CellType1
TTAGGACTCACATGCA	CellType1
TAAGAGACATCCCATC	CellType1
ATTGGACGTGTGTGCC	CellType1
GGATTACTCGCCAAAT	CellType1
GTCAAGTCAAGAGTCG	CellType1
CGTTCTGTCCTGCAGG	CellType1
TGGTTAGGTCTAGTCA	CellType1
TTCTCAAGTCAAAGCG	CellType1
TTTCCTCAGTGCAAGC	CellType1
AGATCTGCACGGATAG	CellType1
TATCTCAAGCGAAGGG	CellType1
GAAATGAAGCTGGAAC	CellType1
GAACATCGTCCCTTGT	CellType1
CCACGGACAGCCTATA	CellType1
TAGAGCTCAGGAATGC	CellType1
AGGGAGTCACTTACGA	CellType1
CGTAGGCAGGAGCGAG	CellType1
GATCGATCATATACGC	CellType1
GTCAAGTCATTGGGCC	CellType1
TACTCGCAGCAGGCTA	CellType1
CATCAAGTCCTCTAGC	CellType1
TATGCCCGTAGGGTAC	CellType1
CAGATCAGTTTACTCT	CellType1
TTTACTGCAGGGTTAG	CellType1
ATCATCTTCAGGTTCA	CellType1
CTACGTCAGAAGATTC	CellType1
GACACGCCATCGATGT	CellType1
TGAGCCGAGCGTTTAC	CellType1
TTTCCTCAGTGCAAGC	CellType1
CATGCCTAGGGTTTCT	CellType1
GATGCTATCAGCTCGG	CellType1
TCAGGATCACTATCTT	CellType1
CATCAGACAACAACCT	CellType1
CTACATTTCAGAGGTG	CellType1
ACATACGGTGGAAAGA	CellType1
AGTCTTTCAGACAAAT	CellType1
CAGTCCTAGCTCCTTC	CellType1
TCAACGAAGATCCGAG	CellType1
CACATTTAGAGTCGGT	CellType1
GACACGCCACACATGT	CellType1
GGACATTTCTAACTTC	CellType1
CCGTACTCATGGATGG	CellType1
TTTGTCAGTGCACTTA	CellType1
TGGTTCCCAGGTCTCG	CellType1
ACTGTCCGTACCATCA	CellType1
TCGTAGACATGATCCA	CellType1
CAACTAGTCAGAGACG	CellType1
AATCCAGCACAGATTC	CellType1
CAGGTGCGTAGCACGA	CellType1
CACATAGTCAGGCAAG	CellType1
TCGAGGCGTACGCTGC	CellType1
CTACGTCAGATATACG	CellType1
ATCTACTCAAGCCGTC	CellType1
CATCGGGCACACGCTG	CellType1
CGTTAGAGTGCAACTT	CellType1
GGATTACGTATTAGCC	CellType1
GCTTCCAAGGGTCGAT	CellType1
CGAGAAGAGGCTCAGA	CellType1
TCCACACGTGTTCTTT	CellType1
CTGGTCTAGGGTTCCC	CellType1
CGATTGAAGATCCTGT	CellType1
GACAGAGCATAGACTC	CellType1
CTCCTAGTCCAAGTAC	CellType1
CAGCCGAAGACTAGGC	CellType1
GAAGCAGTCTCGCTTG	CellType1
TACAGTGTCTTAGCCC	CellType1
CAGAATCGTCCCTTGT	CellType1
CAACCTCTCGTTTGCC	CellType1
ACGAGCCTCGGCATCG	CellType1
CGTTCTGCACGTAAGG	CellType1
TCGTACCCACCCTATC	CellType1
AGCTTGAAGGATGGAA	CellType1
CTGTGCTAGGACACCA	CellType1
TTCTCCTAGCTGCAAG	CellType1
CGTGTAAGTTTCGCTC	CellType1
ATGTGTGGTCTAGAGG	CellType1
GTCGGGTCAGATCGGA	CellType1
CAAGATCAGCAATATG	CellType1
ATTGGACTCAGGCCCA	CellType1
TCGGTAAGTACATGTC	CellType1
CACCAGGAGTGGACGT	CellType1
CATGCCTCAAACGTGG	CellType1
CATCGAACATTGGTAC	CellType1
CGGTTAATCCATGAAC	CellType1
CGTGAGCAGTGCGATG	CellType1
CAGGTGCCAATAACGA	CellType1
ACTATCTGTGACTACT	CellType1
CGTTAGATCACTTCAT	CellType1
GGTGTTAGTTGAGTTC	CellType1
TCGCGTTGTAAGGGCT	CellType1
CTCGGGACAATGGACG	CellType1
AACTCCCCAATGGAGC	CellType1
CACCAGGAGTGGTAGC	CellType1
TGCCCTAGTATTCGTG	CellType1
TGCTGCTGTGTGGTTT	CellType1
CTGATCCGTCTCCACT	CellType1
CAGCAGCCACATTAGC	CellType1
CGAATGTCATGTAAGA	CellType1
ACCCACTTCTTCATGT	CellType1
CTGATAGTCTGGTGTA	CellType1
CATATTCAGACAGAGA	CellType1
CGTCCATAGGATTCGG	CellType1
CGCTATCTCCTAGTGA	CellType1
GAACATCCAGTTCATG	CellType1
ACTTACTGTCCAGTTA	CellType1
ACTTTCATCTACTATC	CellType1
CCCATACGTACCAGTT	CellType1
ACATGGTGTCGGATCC	CellType1
ATGCGATTCTTGTTTG	CellType1
TGGCGCATCCGCAAGC	CellType1
CGTAGCGGTGGTACAG	CellType1
TCTATTGCAAAGTCAA	CellType1
AAATGCCTCGCTTGTC	CellType1
CGTCAGGGTATGAATG	CellType1
CGATGTATCGGGAGTA	CellType1
GAGCAGATCATGTAGC	CellType1
TCAGGTACACTTAAGC	CellType1
CTCGGAGAGTTCGCGC	CellType1
GTAACTGAGCTCTCGG	CellType1
CTCTACGGTCGGCACT	CellType1
TGAGGGACACGCGAAA	CellType1
TCCCGATCAGGCGATA	CellType1
TCTATTGCAATGGACG	CellType1
TAAGTGCTCGGCCGAT	CellType1
ACGCCGACACTGCCAG	CellType1
GTCGTAAAGTATCGAA	CellType1
CAGATCAGTTTACTCT	CellType1
CTTCTCTAGAGTCGGT	CellType1
CTACGTCAGAAGATTC	CellType1
CAAGATCCAGCTATTG	CellType1
AAGACCTAGCTGTCTA	CellType1
GGATTACAGCGATATA	CellType1
CTAAGACAGCTACCGC	CellType1
GATCGTACACAGACAG	CellType1
TCAGCAACACGACTCG	CellType1
GACACGCCATCGATGT	CellType1
ACCTTTATCGCAAGCC	CellType1
TTTCCTCGTGTTCGAT	CellType1
GTCACGGCAAGTACCT	CellType1
ACGCCAGGTCCAGTGC	CellType1
TAAGAGAGTAAGGATT	CellType1
CGTTCTGGTAATTGGA	CellType1
ATTGGACAGGATATAC	CellType1
GTCAAGTAGATCCGAG	CellType1
CGATTGAAGTTGAGTA	CellType1
TGAGGGACACCGGAAA	CellType1
CCTTACGGTAAGTTCC	CellType1
CCTTACGAGAAGGTGA	CellType1
GACCTGGCACAACGCC	CellType1
GACGTGCGTACTCTCC	CellType1
TTGACTTAGACTCGGA	CellType1
TGGCCAGCACCATCCT	CellType1
AGATCTGAGCGCCTCA	CellType1
CACATTTAGAGTCGGT	CellType1
TTCTTAGCAGCCTTGG	CellType1
GGAAAGCCATTTGCTT	CellType1
ATCGAGTCACAGACTT	CellType1
CTCGTCAGTTCTGAAC	CellType1
CTCTACGTCTTGTCAT	CellType1
CATCGAAAGCCTATGT	CellType1
TACCTTACAACTGCGC	CellType1
GGACAAGCAACCGCCA	CellType1
CATCAAGCACTATCTT	CellType1
TTCTTAGGTCTCTCGT	CellType1
CTCACACAGAAGATTC	CellType1
CAGCATAGTCTCAACA	CellType1
TCGTAGAAGCTACCTA	CellType1
CTGCTGTAGTTAGGTA	CellType1
GAAACTCTCACCACCT	CellType1
TCAGATGTCCCTCAGT	CellType1
ACGCCGATCATCATTC	CellType1
AAGCCGCCACATTAGC	CellType1
CTCTAATAGCATGGCA	CellType1
GTCCTCAGTCGAATCT	CellType1
CATATTCAGACAGAGA	CellType1
GGATTACTCCAAGTAC	CellType1
TTCCCAGGTGAAATCA	CellType1
TAAGCGTCACGAAGCA	CellType1
CACCAGGCACCTGGTG	CellType1
TGACGGCAGCCGCCTA	CellType1
CTACATTAGAGGTAGA	CellType1
CTAGAGTAGTTGTCGT	CellType1
ATTTCTGTCGTACGGC	CellType1
CATGCCTTCAGAGGTG	CellType1
GACTGCGAGACTAAGT	CellType1
CACTCCAAGCCCTAAT	CellType1
CAGCCGATCCGTCATC	CellType1
AGATCTGCACTCTGTC	CellType1
GAACATCTCTGGTATG	CellType1
CCATTCGCAAGTCTAC	CellType1
CAGGTGCCAATAACGA	CellType1
CTTAGGATCCGAATGT	CellType1
CTACATTAGAGGTAGA	CellType1
CAGTCCTAGACCCACC	CellType1
GTTCATTTCGTTACAG	CellType1
TCGAGGCCACATCCGG	CellType1
CGCCAAGGTTCGGGCT	CellType1
CGTTCTGAGAGTCTGG	CellType1
CTCGGAGAGCACGCCT	CellType1
GACAGAGTCGTACCGG	CellType1
TTAGGACAGTACGTTC	CellType1
ATCACGACATGTCCTC	CellType1
CTAGCCTGTTGACGTT	CellType1
CATATGGTCCTAGTGA	CellType1
CGTAGGCTCGACCAGC	CellType1
GAGCAGAGTGGTTTCA	CellType1
CCTCAGTAGAAGGACA	CellType1
GACGCGTGTAATCACC	CellType1
TTGCCGTAGCGTTCCG	CellType1
TACACGAAGTGCGATG	CellType1
TTTGGTTAGGGAGTAA	CellType1
CAACTAGAGGAGTCTG	CellType1
GGCTCGACATGTAGTC	CellType1
GTGTGCGTCCTAGTGA	CellType1
CATATGGAGATCTGCT	CellType1
CAGCATACAATCGGTT	CellType1
CCTCAGTGTGGTCCGT	CellType1
ATCTACTAGGCCATAG	CellType1
CTCGTACTCGATCCCT	CellType1
GTACTTTCAGTATAAG	CellType1
CCAATCCAGTTACCCA	CellType1
CGTAGGCCATTGGCGC	CellType1
ACTTTCATCTACTATC	CellType1
ATCATCTGTGGCCCTA	CellType1
CAAGTTGGTGTTGGGA	CellType1
CGAGAAGGTCATATCG	CellType1
ACAGCTATCGTGGTCG	CellType1
TTCTCAAGTCAAAGCG	CellType1
GATCGATCATTTGCTT	CellType1
TAAACCGGTACCGTAT	CellType1
AGCTTGACAAGCCGCT	CellType1
CACATTTAGCAGCCTC	CellType1
CCTCAGTAGTTGAGAT	CellType1
GAACATCCAGTTCATG	CellType1
CTTAACTAGCTAGGCA	CellType1
CCACCTAAGACGCAAC	CellType1
CGTGAGCTCCACGTGG	CellType1
CATATTCAGACTACAA	CellType1
ATTGGACAGGATATAC	CellType1
CTCGTACCAAAGGAAG	CellType1
CGCCAAGAGCGTGTCC	CellType1
CACATAGTCACGATGT	CellType1
ACCTTTAGTGAGGCTA	CellType1
AACTTTCGTTCCGTCT	CellType1
TAGAGCTAGGTGCACA	CellType1
GGCCGATAGACTAGGC	CellType1
CATCGGGAGACCACGA	CellType1
TTGACTTGTAGTACCT	CellType1
TCGCGAGAGCCCAACC	CellType1
CATCAAGTCATAACCG	CellType1
GACCAATTCGTTACAG	CellType1
CAGAATCCAGATTGCT	CellType1
TCTCTAAAGGTCATCT	CellType1
TGGGAAGAGTAATCCC	CellType1
TGTTCCGTCACATGCA	CellType1
CAGCTAACAGAGCCAA	CellType1
CAGATCAGTGAGGGAG	CellType1
CTGTGCTAGGACACCA	CellType1
GTCATTTAGAGCTATA	CellType1
CTGATCCCATGTTGAC	CellType1
CAACCAACAACGATCT	CellType1
GCAGTTATCTGCGTAA	CellType1
GGTGAAGTCAACGGGA	CellType1
TCGTACCCATCCCACT	CellType1
GATCTAGGTCTAGTGT	CellType1
TTTGTCATCACTTATC	CellType1
CGCGGTAGTATCTGCA	CellType1
CTGATAGGTACGCACC	CellType1
TGAGCATCAGCCAATT	CellType1
CTTTGCGTCCACTGGG	CellType1
CGACTTCTCAGCCTAA	CellType1
TGGTTAGTCACCCGAG	CellType1
GACTGCGTCTTACCTA	CellType1
CTTAACTCATACTCTT	CellType1
AGATCTGCACGGCGTT	CellType1
TGACAACGTTCGCTAA	CellType1
GGACAAGAGCAGACTG	CellType1
TTCCCAGGTCACAAGG	CellType1
AGGTCCGAGCCCTAAT	CellType1
GTCGTAACATCAGTCA	CellType1
TTCCCAGGTCACAAGG	CellType1
CTGCGGACACATGACT	CellType1
CGCTGGACAAACGTGG	CellType1
CTTTGCGTCCACTGGG	CellType1
TGGTTAGCATTATCTC	CellType1
GATCAGTTCACCAGGC	CellType1
GGGACCTGTTCCACTC	CellType1
TCGCGTTGTTCGAATC	CellType1
CTGCGGACACATGACT	CellType1
TGACAACGTTCGCTAA	CellType1
TGGTTAGCATTATCTC	CellType1
CAGCTAACAAATTGCC	CellType1
GTCCTCACATGCGCAC	CellType1
TCGGGACAGAAGGGTA	CellType1
CTCCTAGTCCAAGTAC	CellType1
GTCGTAACATCAGTCA	CellType1
ACACCCTAGTGGGATC	CellType1
ACCTTTAGTAGCGTGA	CellType1
ACGAGCCCATCATCCC	CellType1
CGAACATAGTTCCACA	CellType1
CGGAGCTGTTGGTGGA	CellType1
CGTAGCGCATTCTCAT	CellType1
CTCGAGGTCTCTTATG	CellType1
CTGATCCTCAACGGGA	CellType1
GTCGTAATCACGAAGG	CellType1
TCTGAGAGTACAGTGG	CellType1
TGGCTGGCAGGATTGG	CellType1
CATTCGCAGTCTCGGC	CellType1
ACTTACTCATCACAAC	CellType1
CCTTCGATCTGTCCGT	CellType1
GACGTGCTCAACACAC	CellType1
TAAGTGCCAGCCTTTC	CellType1
TGGCGCAAGAGCTATA	CellType1
CTTAGGACATCGATGT	CellType1
GATCAGTAGGGCTTCC	CellType1
TGCCCTAAGGGTCGAT	CellType1
GCTTCCATCAGTGCAT	CellType1
ATGCGATTCTTGTTTG	CellType1
CGTCTACCATCGGACC	CellType1
CTTAACTCATACTCTT	CellType1
TGGGCGTTCGAACTGT	CellType1
CAGCGACTCACAAACC	CellType1
CTGAAGTTCAAACCAC	CellType1
GATCGTAGTCGGCATC	CellType1
CACATAGTCACGATGT	CellType1
TGACAACGTTCGCTAA	CellType1
GGATGTTAGACACGAC	CellType1
GCTGGGTGTGCAACTT	CellType1
GTCGTAACACTGCCAG	CellType1
TGACTAGAGGGATACC	CellType1
GGAGCAATCTCACATT	CellType1
TTTGTCAGTTAAGACA	CellType1
TCGTAGATCGATAGAA	CellType1
GCTGCGAAGGACTGGT	CellType1
ACTGTCCCACAGACAG	CellType1
TGATTTCAGAGTGACC	CellType1
TACCTATTCCAGAAGG	CellType1
TTGCGTCTCAGCGACC	CellType1
TGGTTAGTCCACTGGG	CellType1
TGCGTGGAGCTAGTTC	CellType1
GACGGCTTCGTTACGA	CellType1
TTCTCAACAGAGTGTG	CellType1
CGGTTAATCGATGAGG	CellType1
TGAGCCGGTACCTACA	CellType1
GATGAAATCGGTTCGG	CellType1
ATTACTCAGAAACCTA	CellType1
GCTGCAGGTGTGCGTC	CellType1
TCTCTAATCCCACTTG	CellType1
CGTTGGGCATCAGTCA	CellType1
CAGCATAGTGTGGTTT	CellType1
TTCTACAGTACCGAGA	CellType1
AGGCCACAGCAGATCG	CellType1
CAGTCCTCAGCTTAAC	CellType1
CAAGGCCAGCCAGGAT	CellType1
CTAGAGTGTCTCCATC	CellType1
CTGCTGTTCAGTACGT	CellType1
AGAGCGACAACTGCGC	CellType1
GCGCAACCAGTCACTA	CellType1
AAGCCGCGTCTCTTAT	CellType1
ACGATACGTGGTCCGT	CellType1
TGACAACCAAGCTGGA	CellType1
ACTTACTGTCCAGTTA	CellType1
CGAACATGTATATCCG	CellType1
CAGTAACCAAGCCGCT	CellType1
GGGATGATCTCTTATG	CellType1
CTCACACTCGATCCCT	CellType1
TAAGTGCTCTAACCGA	CellType1
CTTTGCGCATACTACG	CellType1
GACGGCTCAGTACACT	CellType1
CCGGTAGAGCTCCTCT	CellType1
CTCACACCATCCGGGT	CellType1
TTGCGTCGTAGAAAGG	CellType1
AAGCCGCGTGACTCAT	CellType1
CGGACTGTCAACCAAC	CellType1
CGGACACGTGCGCTTG	CellType1
CGATCGGAGCACAGGT	CellType1
GAACCTATCGTAGGAG	CellType1
TTAGTTCTCATGTAGC	CellType1
TCGCGTTAGAGTAAGG	CellType1
TCAGCTCGTTGGTTTG	CellType1
GACGGCTAGAGACTTA	CellType1
CAGTAACGTCTAGGTT	CellType1
GGAGCAAAGCCAGGAT	CellType1
TACCTATCAATGTAAG	CellType1
TGTCCCACATGGATGG	CellType1
TTCTACAAGTCAATAG	CellType1
ACACCAAGTCTGCGGT	CellType1
TCAGGTACAGTTCATG	CellType1
CTGAAACTCATTGCGA	CellType1
TACAGTGTCTCATTCA	CellType1
CTTCTCTAGGCAGGTT	CellType1
TAGCCGGAGCATCATC	CellType1
GGCTGGTGTAAACGCG	CellType1
CAGTCCTTCTTCATGT	CellType1
CGGCTAGAGATGGCGT	CellType1
CCGGTAGAGGTGGGTT	CellType1
TCAACGACACATGGGA	CellType1
GCATGTATCGTTACAG	CellType1
TCGGGACTCCCAAGAT	CellType1
ACGCCGAAGCGTGAGT	CellType1
GAGCAGATCGACAGCC	CellType1
GATCGATTCATCTGTT	CellType1
GACTAACGTTAAGGGC	CellType1
CCTACACAGATGCGAC	CellType1
TACACGATCGATGAGG	CellType1
GGACATTCAAGACACG	CellType1
TCAGGTACATTCGACA	CellType1
CCACGGAGTGGCAAAC	CellType1
TAAGTGCAGGAGTTTA	CellType1
GCGCAGTAGTTATCGC	CellType1
CTCGTCAGTTCTGAAC	CellType1
GCAGTTACAAACGTGG	CellType1
ATGTGTGCAACTGCGC	CellType1
CTAGTGATCTAGAGTC	CellType1
CATGGCGGTCTGGAGA	CellType1
CGTGAGCTCCACGTGG	CellType1
TGATTTCGTCAAAGCG	CellType1
ACTTACTCAGACGTAG	CellType1
ATTGGACGTAATAGCA	CellType1
GTATTCTAGTGCGTGA	CellType1
TACTTGTAGAGGTACC	CellType1
CAGATCATCCTGTAGA	CellType1
TGCCCTAGTGTGAATA	CellType1
CTTACCGCATCGGACC	CellType1
TTCTCCTGTACAGTTC	CellType1
TTAGGCATCCACGACG	CellType1
AACTCAGGTATTCTCT	CellType1
TTAACTCTCGTACGGC	CellType1
GTGCTTCCAGATCCAT	CellType1
CCGTACTGTCATTAGC	CellType1
CGAGAAGTCCAAACTG	CellType1
GGCTGGTGTAAACGCG	CellType1
GATCGCGTCATCGCTC	CellType1
GTATCTTAGAATAGGG	CellType1
AACGTTGTCTTCATGT	CellType1
CTGATAGCAGGAATGC	CellType1
GATCAGTGTTACTGAC	CellType1
CATGACACAGGTGGAT	CellType1
GTTCTCGTCATCTGTT	CellType1
CTCGTCAGTCGTGGCT	CellType1
GCGCAGTAGTTATCGC	CellType1
AGGGATGAGTCATCCA	CellType1
ATTACTCTCTGTCAAG	CellType1
CCACGGAAGGAGTTGC	CellType1
CCGTACTCAAGACGTG	CellType1
CGAGAAGGTAGGCTGA	CellType1
CGCGTTTTCTCTGCTG	CellType1
CGTCTACAGCGGATCA	CellType1
CTCACACTCGATCCCT	CellType1
CTTCTCTAGAGTCGGT	CellType1
GCAGTTACAATGAAAC	CellType1
GCCTCTACATCCTAGA	CellType1
GGGACCTTCTGGCGTG	CellType1
GGTATTGAGAGCTTCT	CellType1
TCGCGAGAGCGACGTA	CellType1
TGGCGCACAGCGTCCA	CellType1
AGCATACAGATCGATA	CellType1
CAGCCGAGTGACAAAT	CellType1
CCAATCCAGTTACCCA	CellType1
CGATGTAAGCTGAAAT	CellType1
CGTCACTCACATGTGT	CellType1
CTACATTGTTAGAACA	CellType1
GGGATGATCATCGCTC	CellType1
GTACTTTCACGAGGTA	CellType1
TAGTTGGCACACCGAC	CellType1
TATCTCAAGCGAAGGG	CellType1
CACCAGGAGTTGTCGT	CellType1
CTCACACTCGATCCCT	CellType1
CTGCCTATCGGCGCTA	CellType1
TCGAGGCCACATCCGG	CellType1
GTCAAGTGTATGAAAC	CellType1
ATCCACCGTAGATTAG	CellType1
CAGCCGACAGTATCTG	CellType1
TCGCGAGAGCGACGTA	CellType1
TTGCGTCGTAGAAAGG	CellType1
CAGCCGATCGCCTGTT	CellType1
CGATGTACAAGCGCTC	CellType1
ATCTGCCGTATAAACG	CellType1
TCGAGGCCATGAGCGA	CellType1
TGGGCGTCAAAGTCAA	CellType1
CACATTTAGAGTCGGT	CellType1
GTGCTTCAGGGATGGG	CellType1
TTGCGTCGTCCGCTGA	CellType1
GTGCAGCCATCGATTG	CellType1
CTCGGAGAGGACATTA	CellType1
CAACTAGGTGATAAGT	CellType1
TTCTCCTTCGCAAACT	CellType1
GCGCGATGTTGCGTTA	CellType1
CTCATTACACGAAACG	CellType1
CGATTGATCGAGAACG	CellType1
TTTATGCGTGTCAATC	CellType1
AGGCCACGTCGGCACT	CellType1
CCGGGATCAAGTAGTA	CellType1
CGGTTAATCTTCTGGC	CellType1
GATCGATGTGTGCGTC	CellType1
GCTTCCAGTCGACTAT	CellType1
TGATTTCCATAGACTC	CellType1
GGATTACTCGCCAAAT	CellType1
TTGGAACTCTGTTTGT	CellType1
CTAGCCTGTTCGGGCT	CellType1
ACTGCTCTCTGCTGTC	CellType1
GCGCAGTAGTTATCGC	CellType1
CTAGCCTTCCTCGCAT	CellType1
ACTTACTCATCCGGGT	CellType1
AAACCTGCATGCGCAC	CellType1
CGGACACGTACTTAGC	CellType1
GTCACAAGTCCATGAT	CellType1
ACGGGTCTCCAGTATG	CellType1
TCAGATGAGTACTTGC	CellType1
TCCACACGTACCGAGA	CellType1
CGTAGCGCAAACGCGA	CellType1
ACGCCGATCATCATTC	CellType1
TCTCATAGTTGCGTTA	CellType1
CCTAGCTGTACAAGTA	CellType1
CAAGATCCAGGGATTG	CellType1
CCTCTGAGTTTAGGAA	CellType1
TGCCCATGTATAGGTA	CellType1
TGACTAGGTCTGATTG	CellType1
TTGACTTAGACTCGGA	CellType1
CTGATAGGTACGCACC	CellType1
GTCCTCATCGTTGACA	CellType1
GCGCAACCAGTCACTA	CellType1
CGGTTAAGTGATGATA	CellType1
AGATCTGTCGCAAGCC	CellType1
CCTAGCTGTTATGCGT	CellType1
TTCTCAAGTCAAAGCG	CellType1
CAGCATAGTCTCAACA	CellType1
TGCACCTGTATAGTAG	CellType1
CCGGTAGTCAACCAAC	CellType1
CAGATCACACGAAACG	CellType1
CGGTTAATCTTCTGGC	CellType1
TTGCGTCAGACCGGAT	CellType1
CAGCGACTCACAAACC	CellType1
CGCCAAGGTTGGGACA	CellType1
TGACTAGAGGGATACC	CellType1
TTTGCGCAGACCTTTG	CellType1
CATGCCTTCAGAGGTG	CellType1
AGGCCGTTCCCTTGTG	CellType1
TTGGAACAGTCGAGTG	CellType1
CAGCATAGTCTCAACA	CellType1
ACTTACTTCAGATAAG	CellType1
CGCGTTTTCCGTTGCT	CellType1
CCTCTGAGTCCAAGTT	CellType1
GTAACGTTCTGGTGTA	CellType1
TCGGTAATCGCGATCG	CellType1
CAACCTCTCACAGTAC	CellType1
CCAGCGAAGCCTTGAT	CellType1
TTGGAACTCTGTTTGT	CellType1
GACCAATCAGTGAGTG	CellType1
AGTCTTTCAGACAAAT	CellType1
CGTTCTGGTAATTGGA	CellType1
CACCAGGAGTTGTCGT	CellType1
GCTCCTATCGGCGCTA	CellType1
TACGGATTCGTTTGCC	CellType1
CCTCAGTCAATAACGA	CellType1
CAAGATCCAGCTATTG	CellType1
CATCGAATCGGATGTT	CellType1
TTGCGTCGTAGAAAGG	CellType1
CCGTACTTCGGCGCTA	CellType1
GGACATTTCTAACTTC	CellType1
CAGCGACGTAGCGTAG	CellType1
TTGAACGTCGGAATCT	CellType1
TTCTCCTTCGCAAACT	CellType1
CTGATAGTCCGCTGTT	CellType1
TCAGCAAAGTAAGTAC	CellType1
TACACGATCTACTTAC	CellType1
ATCATGGAGGACATTA	CellType1
CTGTTTATCTGATACG	CellType1
TTTGCGCAGACCTTTG	CellType1
TCACAAGAGTGACTCT	CellType1
CTCGAAAGTGCTTCTC	CellType1
CGCTATCGTCGCCATG	CellType1
TACGGGCGTTTGGGCC	CellType1
ATCTGCCCAACCGCCA	CellType1
TGAGAGGTCTACTATC	CellType1
CCTAAAGTCAACTCTT	CellType1
CGTCAGGTCCGTTGTC	CellType1
TACTCGCCAGCCTGTG	CellType1
CACAGTAGTCGCATAT	CellType1
AGCCTAATCGGCTTGG	CellType1
CAGAATCCAGATTGCT	CellType1
AGGCCGTTCGAACTGT	CellType1
CTTACCGCAGATAATG	CellType1
TGTATTCGTTGGTGGA	CellType1
CTCAGAAAGCCAGTTT	CellType1
TGTTCCGCAAGGTTTC	CellType1
GTGGGTCTCGTAGGTT	CellType1
GACGTGCTCACCGTAA	CellType1
TACTTGTGTTCCACAA	CellType1
CTCAGAAAGCCAGTTT	CellType1
GGACAGACAAAGCGGT	CellType1
TTCTCCTAGTCCGGTC	CellType1
TCGTACCTCACCCTCA	CellType1
TCGTAGAAGCCTTGAT	CellType1
CATGACATCAGTCAGT	CellType1
CAAGATCGTACCGCTG	CellType1
TGTGTTTTCGCGCCAA	CellType1
CTCTAATAGTTACGGG	CellType1
CGGTTAAGTCGCATCG	CellType1
TGCGCAGCATTACGAC	CellType1
TCGCGTTAGAATAGGG	CellType1
TACAGTGTCTCATTCA	CellType1
CGAACATGTATATCCG	CellType1
TCATTTGAGACGCAAC	CellType1
ATCATCTGTTTGTTTC	CellType1
GTCAAGTCATTGGGCC	CellType1
TCAATCTGTAGCCTAT	CellType1
GTTTCTAGTCTCTTTA	CellType1
TGAAAGAGTTCTGTTT	CellType1
TCCCGATTCGGAAATA	CellType1
CTCGGGAGTTCAGACT	CellType1
CTGATCCTCAACGGGA	CellType1
TAAACCGGTGAAGGCT	CellType1
CCGTTCAAGGAGTCTG	CellType1
ATTATCCCAGCCACCA	CellType1
TTTGTCAAGGACAGAA	CellType1
CAACCTCTCACAGTAC	CellType1
GTCACAAAGCACCGCT	CellType1
GGATTACCACAGGCCT	CellType1
TCGGTAATCTGGTTCC	CellType1
GAGCAGATCGACAGCC	CellType1
ACGATACTCGGAATCT	CellType1
GAGCAGACATGCATGT	CellType1
TGAAAGAAGTGACTCT	CellType1
TGCTACCTCGTACCGG	CellType1
CCTTCCCCAACCGCCA	CellType1
TCGGTAATCGCGATCG	CellType1
TTCTCCTCATGAACCT	CellType1
AAGCCGCGTCTCTTAT	CellType1
AAGCCGCAGCCTATGT	CellType1
CAGAATCAGACTACAA	CellType1
TGCCCATGTGTGGCTC	CellType1
CGATCGGGTGCATCTA	CellType1
GTATTCTAGCTAAACA	CellType1
GCGCCAAGTACATGTC	CellType1
CAGCGACGTAGCGTAG	CellType1
TTATGCTAGATAGGAG	CellType1
GGAGCAAAGCGAGAAA	CellType1
CAACCAAGTATAGTAG	CellType1
CGCTGGAGTTAAAGTG	CellType1
TCAGGATTCGTTGACA	CellType1
TTCTCCTAGTCCGGTC	CellType1
TAGACCATCACGAAGG	CellType1
CGACTTCAGGCTACGA	CellType1
CTCATTAGTTATGTGC	CellType1
GGATGTTGTCGCATCG	CellType1
GGCTGGTGTAAACGCG	CellType1
GACCAATTCGTTACAG	CellType1
TGCACCTCAGTATCTG	CellType1
AGGCCACAGCAGATCG	CellType1
GACACGCCACGAAGCA	CellType1
TCGGGACAGAAGGGTA	CellType1
CTTGGCTTCAATCTCT	CellType1
GGGCACTAGGAATCGC	CellType1
TTTGTCAAGGACAGAA	CellType1
TTGGAACAGCGGCTTC	CellType1
TAGGCATCAGCGAACA	CellType1
CATATTCAGGGTGTGT	CellType1
AAGCCGCGTCTCTTAT	CellType1
GAAATGACAAACCCAT	CellType1
GCAAACTAGGAGTTTA	CellType1
TTTGTCAAGAGTAAGG	CellType1
CGTCAGGAGATGTAAC	CellType1
CGATCGGCACCATCCT	CellType1
AACTCCCCAGGTCTCG	CellType1
AACTTTCCAGGTGGAT	CellType1
CTTCTCTGTGTCAATC	CellType1
CGAGCACTCTGCAGTA	CellType1
CATATGGGTACCAGTT	CellType1
GCAAACTGTCAGAGGT	CellType1
CAGATCATCCTGTAGA	CellType1
CAGGTGCAGGCTAGGT	CellType1
TCGGGACAGAAGGGTA	CellType1
TGAGCCGTCATCGATG	CellType1
ACGCCGAAGGCTAGAC	CellType1
CCTTCCCTCGCGTAGC	CellType1
CTGAAACGTCTACCTC	CellType1
CTAGCCTGTTCGGGCT	CellType1
ATCATCTGTGGCCCTA	CellType1
AGCGTCGCATACGCTA	CellType1
AAACCTGCATGCGCAC	CellType1
CAACTAGAGAGCCTAG	CellType1
TTCTTAGTCGTCACGG	CellType1
CGGGTCAAGTGCAAGC	CellType1
TGTTCCGGTAAGGATT	CellType1
CGGACACGTGACAAAT	CellType1
CACCAGGGTGTTCGAT	CellType1
TTGACTTGTTCAGTAC	CellType1
CTGAAACGTCTACCTC	CellType1
CGTCTACCATCGGACC	CellType1
ATTATCCCAGCCACCA	CellType1
TAAGTGCAGGAGTTTA	CellType1
GTCAAGTCATTGGGCC	CellType1
CATCAAGGTCACAAGG	CellType1
TTAGTTCGTAACGCGA	CellType1
CTTCTCTGTGTCAATC	CellType1
GGGACCTGTCTCCATC	CellType1
ACTTTCAGTTCAGTAC	CellType1
GCTGGGTGTCAAGCGA	CellType1
TTCTACAGTACCGAGA	CellType1
GAGGTGACACGTTGGC	CellType1
CCGGTAGTCTGGGCCA	CellType1
TGCCCTATCTTCGAGA	CellType1
TCAACGACAGTACACT	CellType1
TTTGGTTGTCTTGCGG	CellType1
AGGCCACGTCGGCACT	CellType1
ATCATCTAGAGTAATC	CellType1
